App,Category,Rating,Reviews,Size,Installs,Type,Price,Content_Rating,Last Updated
ROBLOX,GAME,4.5,4447388,67,100000000,Free,0,Everyone 10+,20180731
Subway Surfers,GAME,4.5,27722264,76,1000000000,Free,0,Everyone 10+,20180801
Candy Crush Saga,GAME,4.4,22426677,77,500000000,Free,0,Everyone,20180802
Solitaire,GAME,4.7,254258,23,10000000,Free,0,Everyone,20180803
Bubble Shooter,GAME,4.5,148897,46,10000000,Free,0,Everyone,20180804
Hello Kitty Nail Salon,GAME,4.2,369203,24,50000000,Free,0,Everyone,20180805
slither.io,GAME,4.4,5234162,,100000000,Free,0,Everyone,20180806
Clash Royale,GAME,4.6,23133508,97,100000000,Free,0,Everyone 10+,20180807
Temple Run 2,GAME,4.3,8118609,62,500000000,Free,0,Everyone,20180808
Pou,GAME,4.3,10485308,24,500000000,Free,0,Everyone,20180809
Helix Jump,GAME,4.2,1497361,33,100000000,Free,0,Everyone,20180810
Block Puzzle,GAME,4.6,59800,7.8,5000000,Free,0,Everyone,20180811
Angry Birds Rio,GAME,4.4,2610526,46,100000000,Free,0,Everyone,20180812
Plants vs. Zombies FREE,GAME,4.4,4066989,69,100000000,Free,0,Everyone 10+,20180813
Sonic Dash,GAME,4.5,3778921,75,100000000,Free,0,Everyone,20180814
Candy Crush Soda Saga,GAME,4.4,6198563,67,100000000,Free,0,Everyone,20180815
Zombie Hunter King,GAME,4.3,10306,50,1000000,Free,0,Mature 17+,20180816
Clash of Clans,GAME,4.6,44891723,98,100000000,Free,0,Everyone 10+,20180817
Kick the Buddy,GAME,4.3,1000417,,50000000,Free,0,Teen,20180818
Block Puzzle Classic Legend !,GAME,4.2,17039,4.9,5000000,Free,0,Everyone,20180819
PAC-MAN,GAME,4.2,685981,37,100000000,Free,0,Everyone,20180820
Super Jim Jump - pixel 3d,GAME,4.5,10393,18,1000000,Free,0,Everyone,20180821
8 Ball Pool,GAME,4.5,14198297,52,100000000,Free,0,Everyone,20180822
Magic Tiles 3,GAME,4.5,592068,,50000000,Free,0,Everyone,20180823
Bubble Witch 3 Saga,GAME,4.7,1732263,78,50000000,Free,0,Everyone,20180824
Word Search,GAME,4.7,295241,3.9,10000000,Free,0,Everyone,20180825
Granny,GAME,4.5,1135631,59,50000000,Free,0,Teen,20180826
Angry Birds Classic,GAME,4.4,5566669,97,100000000,Free,0,Everyone,20180827
Flow Free,GAME,4.3,1295557,11,100000000,Free,0,Everyone,20180828
Race the Traffic Moto,GAME,3.8,270687,38,10000000,Free,0,Teen,20180829
Fishdom,GAME,4.6,2157930,,10000000,Free,0,Everyone,20180830
Galaxy Attack: Alien Shooter,GAME,4.6,506275,,10000000,Free,0,Everyone,20180831
Zombie Tsunami,GAME,4.4,4920817,,100000000,Free,0,Everyone 10+,20180901
Bubble Shooter 2,GAME,4.3,23005,,5000000,Free,0,Everyone,20180902
Barbie‚Ñ¢ Fashion Closet,GAME,4.1,68057,85,10000000,Free,0,Everyone,20180903
Candy Crush Jelly Saga,GAME,4.3,1300490,78,50000000,Free,0,Everyone,20180904
Hill Climb Racing,GAME,4.4,8923587,63,100000000,Free,0,Everyone,20180905
Gardenscapes,GAME,4.6,4128732,,50000000,Free,0,Everyone,20180906
Marble - Temple Quest,GAME,4.3,42053,24,10000000,Free,0,Everyone,20180907
Shooting King,GAME,4.4,257724,69,10000000,Free,0,Everyone 10+,20180908
Zombie Catchers,GAME,4.7,990491,75,10000000,Free,0,Everyone,20180909
Minion Rush: Despicable Me Official Game,GAME,4.5,10216538,,100000000,Free,0,Everyone 10+,20180910
Farm Heroes Saga,GAME,4.4,7614130,70,100000000,Free,0,Everyone,20180911
Geometry Dash World,GAME,4.6,760628,63,10000000,Free,0,Everyone,20180912
My Talking Angela,GAME,4.5,9881829,99,100000000,Free,0,Everyone,20180913
Cut the Rope FULL FREE,GAME,4.4,2123381,49,100000000,Free,0,Everyone,20180914
Sniper 3D Gun Shooter: Free Shooting Games - FPS,GAME,4.6,7671249,,100000000,Free,0,Mature 17+,20180915
Subway Surfers,GAME,4.5,27723193,76,1000000000,Free,0,Everyone 10+,20180916
ROBLOX,GAME,4.5,4447346,67,100000000,Free,0,Everyone 10+,20180917
Pou,GAME,4.3,10485334,24,500000000,Free,0,Everyone,20180918
8 Ball Pool,GAME,4.5,14198602,52,100000000,Free,0,Everyone,20180919
Clash of Clans,GAME,4.6,44891723,98,100000000,Free,0,Everyone 10+,20180920
Candy Crush Saga,GAME,4.4,22428456,74,500000000,Free,0,Everyone,20180921
Plants vs. Zombies FREE,GAME,4.4,4066980,69,100000000,Free,0,Everyone 10+,20180922
Cooking Fever,GAME,4.5,3197865,82,100000000,Free,0,Everyone,20180923
Toon Blast,GAME,4.7,1351068,,10000000,Free,0,Everyone,20180924
Score! Hero,GAME,4.6,5418675,96,100000000,Free,0,Everyone,20180925
My Talking Angela,GAME,4.5,9881908,99,100000000,Free,0,Everyone,20180926
Bubble Shooter,GAME,4.5,148895,46,10000000,Free,0,Everyone,20180927
Toy Blast,GAME,4.7,1889250,,50000000,Free,0,Everyone,20180928
Miraculous Ladybug & Cat Noir - The Official Game,GAME,4.5,183846,99,10000000,Free,0,Everyone,20180929
Wordscapes,GAME,4.8,230710,87,10000000,Free,0,Everyone,20180930
Word Search,GAME,4.7,295305,3.9,10000000,Free,0,Everyone,20181001
Candy Crush Soda Saga,GAME,4.4,6198880,67,100000000,Free,0,Everyone,20181002
Fishdom,GAME,4.6,2157930,,10000000,Free,0,Everyone,20181003
Garena Free Fire,GAME,4.5,5465624,53,100000000,Free,0,Teen,20181004
Block Puzzle,GAME,4.6,59854,7.8,5000000,Free,0,Everyone,20181005
Bowmasters,GAME,4.7,1534466,,50000000,Free,0,Teen,20181006
Clash Royale,GAME,4.6,23134775,97,100000000,Free,0,Everyone 10+,20181007
My Talking Tom,GAME,4.5,14891223,,500000000,Free,0,Everyone,20181008
Sniper 3D Gun Shooter: Free Shooting Games - FPS,GAME,4.6,7672495,,100000000,Free,0,Mature 17+,20181009
Granny,GAME,4.5,1137271,59,50000000,Free,0,Teen,20181010
Galaxy Attack: Alien Shooter,GAME,4.6,506275,,10000000,Free,0,Everyone,20181011
Angry Birds Rio,GAME,4.4,2610622,46,100000000,Free,0,Everyone,20181012
Zombie Catchers,GAME,4.7,990586,75,10000000,Free,0,Everyone,20181013
Zombie Hunter King,GAME,4.3,10354,50,1000000,Free,0,Mature 17+,20181014
Temple Run 2,GAME,4.3,8118937,62,500000000,Free,0,Everyone,20181015
Zombie Tsunami,GAME,4.4,4921122,,100000000,Free,0,Everyone 10+,20181016
Jungle Marble Blast,GAME,4.3,18985,23,5000000,Free,0,Everyone,20181017
Rider,GAME,4.5,655067,72,10000000,Free,0,Teen,20181018
Farm Heroes Saga,GAME,4.4,7614271,70,100000000,Free,0,Everyone,20181019
Super Jim Jump - pixel 3d,GAME,4.5,10434,18,1000000,Free,0,Everyone,20181020
slither.io,GAME,4.4,5234825,,100000000,Free,0,Everyone,20181021
Roll the Ball¬Æ - slide puzzle,GAME,4.5,1385093,35,100000000,Free,0,Everyone,20181022
Talking Tom Gold Run,GAME,4.6,2698348,78,100000000,Free,0,Everyone,20181023
Pixel Art: Color by Number Game,GAME,4.7,1125017,25,10000000,Free,0,Everyone,20181024
Dream League Soccer 2018,GAME,4.6,9882639,74,100000000,Free,0,Everyone,20181025
Angry Birds Classic,GAME,4.4,5566805,97,100000000,Free,0,Everyone,20181026
Fruits Bomb,GAME,4.4,74673,17,10000000,Free,0,Everyone,20181027
Traffic Racer,GAME,4.5,5387639,53,100000000,Free,0,Everyone,20181028
Hill Climb Racing 2,GAME,4.6,2750410,,100000000,Free,0,Everyone,20181029
Flow Free,GAME,4.3,1295606,11,100000000,Free,0,Everyone,20181030
Knife Hit,GAME,4.5,461137,60,10000000,Free,0,Everyone,20181031
Block Craft 3D: Building Simulator Games For Free,GAME,4.5,946926,57,50000000,Free,0,Everyone,20181101
Farm Fruit Pop: Party Time,GAME,4.4,9305,14,1000000,Free,0,Everyone,20181102
ROBLOX,GAME,4.5,4448791,67,100000000,Free,0,Everyone 10+,20181103
Helix Jump,GAME,4.2,1498648,33,100000000,Free,0,Everyone,20181104
Subway Surfers,GAME,4.5,27724094,76,1000000000,Free,0,Everyone 10+,20181105
Candy Crush Saga,GAME,4.4,22428456,74,500000000,Free,0,Everyone,20181106
Toon Blast,GAME,4.7,1351089,,10000000,Free,0,Everyone,20181107
Love Balls,GAME,4.2,360630,40,50000000,Free,0,Everyone,20181108
Granny,GAME,4.5,1137267,59,50000000,Free,0,Teen,20181109
8 Ball Pool,GAME,4.5,14200344,52,100000000,Free,0,Everyone,20181110
Sniper 3D Gun Shooter: Free Shooting Games - FPS,GAME,4.6,7672495,,100000000,Free,0,Mature 17+,20181111
slither.io,GAME,4.4,5234810,,100000000,Free,0,Everyone,20181112
Hungry Shark Evolution,GAME,4.5,6074334,100,100000000,Free,0,Teen,20181113
Temple Run 2,GAME,4.3,8118937,62,500000000,Free,0,Everyone,20181114
Kick the Buddy,GAME,4.3,1000417,,50000000,Free,0,Teen,20181115
Magic Tiles 3,GAME,4.5,592282,,50000000,Free,0,Everyone,20181116
Bowmasters,GAME,4.7,1535084,,50000000,Free,0,Teen,20181117
Piano Tiles 2‚Ñ¢,GAME,4.7,8118880,,100000000,Free,0,Everyone,20181118
Pok√©mon GO,GAME,4.1,10424925,85,100000000,Free,0,Everyone,20181119
Wordscapes,GAME,4.8,230727,87,10000000,Free,0,Everyone,20181120
Paint Hit,GAME,4.4,37023,33,10000000,Free,0,Everyone,20181121
Snake VS Block,GAME,4.2,422244,32,50000000,Free,0,Teen,20181122
Rolly Vortex,GAME,4.4,98123,40,10000000,Free,0,Teen,20181123
Woody Puzzle,GAME,4.7,21262,29,1000000,Free,0,Everyone,20181124
Stack Jump,GAME,4.3,118253,40,10000000,Free,0,Teen,20181125
Color by Number ‚Äì New Coloring Book,GAME,4.7,141529,24,5000000,Free,0,Everyone 10+,20181126
The Cube,GAME,4.2,70226,38,5000000,Free,0,Everyone,20181127
Extreme Car Driving Simulator,GAME,4.3,2251012,52,100000000,Free,0,Everyone,20181128
Bricks n Balls,GAME,4.4,30253,,1000000,Free,0,Everyone,20181129
The Fish Master!,GAME,4.1,15763,54,1000000,Free,0,Everyone,20181130
Color Road,GAME,4.1,84911,71,10000000,Free,0,Everyone,20181201
Draw In,GAME,4.2,46416,73,10000000,Free,0,Everyone,20181202
Block Craft 3D: Building Simulator Games For Free,GAME,4.5,946926,57,50000000,Free,0,Everyone,20181203
PLANK!,GAME,4.7,7196,38,500000,Free,0,Everyone,20181204
Looper!,GAME,4.6,48256,62,1000000,Free,0,Everyone,20181205
Trivia Crack,GAME,4.5,6427773,95,100000000,Free,0,Everyone,20181206
Will it Crush?,GAME,3.1,25825,16,5000000,Free,0,Everyone,20181207
Tomb of the Mask,GAME,4.1,55380,39,5000000,Free,0,Everyone,20181208
Baseball Boy!,GAME,3.4,148177,78,10000000,Free,0,Everyone,20181209
PUBG MOBILE,GAME,4.4,3715656,36,50000000,Free,0,Teen,20181210
Episode - Choose Your Story,GAME,4.3,1841061,,50000000,Free,0,Teen,20181211
Hello Stars,GAME,4.6,101686,31,10000000,Free,0,Everyone,20181212
Run Sausage Run!,GAME,4.4,275447,,10000000,Free,0,Everyone 10+,20181213
Tank Stars,GAME,4.3,174755,98,10000000,Free,0,Everyone 10+,20181214
Castle Clash: Heroes of the Empire US,GAME,4.6,4578476,24,50000000,Free,0,Everyone 10+,20181215
Hole.io,GAME,4.2,145353,85,10000000,Free,0,Teen,20181216
Helix Jump,GAME,4.2,1499373,33,100000000,Free,0,Everyone,20181217
Mini Golf King - Multiplayer Game,GAME,4.5,531458,100,5000000,Free,0,Everyone,20181218
PUBG MOBILE,GAME,4.4,3714270,36,50000000,Free,0,Teen,20181219
Flip the Gun - Simulator Game,GAME,4.2,195558,86,10000000,Free,0,Everyone,20181220
Mad Skills BMX 2,GAME,4.5,29940,80,1000000,Free,0,Everyone,20181221
Wordscapes,GAME,4.8,230727,87,10000000,Free,0,Everyone,20181222
"MMX Hill Dash 2 ‚Äì Offroad Truck, Car & Bike Racing",GAME,4.4,41975,79,1000000,Free,0,Everyone,20181223
Word Link,GAME,4.6,216675,30,10000000,Free,0,Everyone,20181224
Last Day on Earth: Survival,GAME,4.5,2311785,87,10000000,Free,0,Teen,20181225
MARVEL Strike Force,GAME,4.3,165888,91,5000000,Free,0,Teen,20181226
Partymasters - Fun Idle Game,GAME,4.6,541144,63,10000000,Free,0,Teen,20181227
Harry Potter: Hogwarts Mystery,GAME,4.4,1107310,,10000000,Free,0,Teen,20181228
Offroad Outlaws,GAME,4.4,29168,,1000000,Free,0,Everyone,20181229
Grim Soul: Dark Fantasy Survival,GAME,4.5,189773,95,5000000,Free,0,Teen,20181230
DRAGON BALL LEGENDS,GAME,4.6,337752,48,5000000,Free,0,Teen,20181231
Disney Heroes: Battle Mode,GAME,4.6,102107,,5000000,Free,0,Everyone 10+,20190101
Homescapes,GAME,4.6,3093358,,10000000,Free,0,Everyone,20190102
New YAHTZEE¬Æ With Buddies Dice Game,GAME,4.1,42079,93,5000000,Free,0,Everyone,20190103
Word Crossy - A crossword game,GAME,4.5,240416,53,5000000,Free,0,Everyone,20190104
MLB TAP SPORTS BASEBALL 2018,GAME,4.6,32506,82,1000000,Free,0,Everyone,20190105
Hero Hunters,GAME,4.4,70747,99,5000000,Free,0,Teen,20190106
Cooking Madness - A Chef's Restaurant Games,GAME,4.7,358817,49,10000000,Free,0,Everyone,20190107
Ice Crush 2018 - A new Puzzle Matching Adventure,GAME,4.6,15403,25,1000000,Free,0,Everyone,20190108
TerraGenesis - Space Colony,GAME,4.3,38957,,1000000,Free,0,Everyone,20190109
Merge Dragons!,GAME,4.5,214777,91,5000000,Free,0,Everyone,20190110
SHADOWGUN LEGENDS,GAME,4.6,100609,52,1000000,Free,0,Teen,20190111
RULES OF SURVIVAL,GAME,4.2,1343866,56,10000000,Free,0,Teen,20190112
Mafia City,GAME,4.5,168717,56,10000000,Free,0,Mature 17+,20190113
"Cash, Inc. Money Clicker Game & Business Adventure",GAME,4.8,549720,85,10000000,Free,0,Everyone,20190114
Dino War: Rise of Beasts,GAME,4.1,18996,81,1000000,Free,0,Teen,20190115
Tokyo Ghoul: Dark War,GAME,4.3,25094,82,1000000,Free,0,Teen,20190116
Last Shelter: Survival,GAME,4.4,93033,98,5000000,Free,0,Teen,20190117
Guns of Glory,GAME,4,120592,77,10000000,Free,0,Everyone 10+,20190118
Lineage 2: Revolution,GAME,4.2,187972,99,5000000,Free,0,Teen,20190119
Final Fantasy XV: A New Empire,GAME,4,484981,,10000000,Free,0,Everyone 10+,20190120
Girls' Frontline,GAME,4.2,2055,96,100000,Free,0,Teen,20190121
Chapters: Interactive Stories,GAME,4.5,73539,96,1000000,Free,0,Mature 17+,20190122
Honkai Impact 3rd,GAME,4.7,59017,82,1000000,Free,0,Teen,20190123
Master of Eternity(MOE),GAME,4.2,5829,70,100000,Free,0,Teen,20190124
The Game of Life,GAME,4.4,18621,63,100000,Paid,2.99,Everyone,20190125
Clue,GAME,4.6,19922,35,100000,Paid,1.99,Everyone 10+,20190126
The Room: Old Sins,GAME,4.9,21119,48,100000,Paid,4.99,Everyone,20190127
The Escapists,GAME,4.4,7412,84,100000,Paid,4.99,Teen,20190128
Farming Simulator 18,GAME,4.5,18125,15,100000,Paid,4.99,Everyone,20190129
RollerCoaster Tycoon¬Æ Classic,GAME,4.6,10795,69,100000,Paid,5.99,Everyone,20190130
Call of Duty:Black Ops Zombies,GAME,4.2,13004,46,100000,Paid,6.99,Teen,20190131
Star Wars ‚Ñ¢: DIRTY,GAME,4.5,38207,15,100000,Paid,9.99,Teen,20190201
Monument Valley 2,GAME,4.6,9394,33,100000,Paid,4.99,Everyone,20190202
DRAGON BALL LEGENDS,GAME,4.6,337913,48,5000000,Free,0,Teen,20190203
ROBLOX,GAME,4.5,4449882,67,100000000,Free,0,Everyone 10+,20190204
Candy Crush Saga,GAME,4.4,22429716,74,500000000,Free,0,Everyone,20190205
Angry Birds 2,GAME,4.6,3883589,57,100000000,Free,0,Everyone,20190206
8 Ball Pool,GAME,4.5,14200550,52,100000000,Free,0,Everyone,20190207
Fallout Shelter,GAME,4.6,2719142,25,10000000,Free,0,Teen,20190208
Harry Potter: Hogwarts Mystery,GAME,4.4,1107197,,10000000,Free,0,Teen,20190209
PUBG MOBILE,GAME,4.4,3716278,36,50000000,Free,0,Teen,20190210
The Sims‚Ñ¢ FreePlay,GAME,4.3,931595,31,10000000,Free,0,Teen,20190211
MARVEL Strike Force,GAME,4.3,165928,91,5000000,Free,0,Teen,20190212
Best Fiends - Free Puzzle Game,GAME,4.6,1480189,,10000000,Free,0,Everyone,20190213
MARVEL Contest of Champions,GAME,4.3,2468063,92,50000000,Free,0,Teen,20190214
Jurassic World‚Ñ¢ Alive,GAME,4.3,309176,70,5000000,Free,0,Everyone 10+,20190215
Choices: Stories You Play,GAME,4.6,807338,93,10000000,Free,0,Teen,20190216
Solitaire TriPeaks,GAME,4.5,446434,52,10000000,Free,0,Everyone,20190217
Merge Dragons!,GAME,4.5,214819,91,5000000,Free,0,Everyone,20190218
The Walking Dead: Road to Survival,GAME,4.2,522466,37,10000000,Free,0,Mature 17+,20190219
Hustle Castle: Fantasy Kingdom,GAME,4.7,584126,64,10000000,Free,0,Everyone 10+,20190220
Might & Magic: Elemental Guardians,GAME,4.3,32551,35,500000,Free,0,Mature 17+,20190221
Game of Thrones: Conquest‚Ñ¢,GAME,4,90218,97,1000000,Free,0,Teen,20190222
Love Nikki-Dress UP Queen,GAME,4.4,212524,93,5000000,Free,0,Everyone,20190223
Summoners War,GAME,4.3,2045554,28,50000000,Free,0,Teen,20190224
FINAL FANTASY BRAVE EXVIUS,GAME,4.6,745684,83,5000000,Free,0,Teen,20190225
Idle Heroes,GAME,4.7,416540,99,10000000,Free,0,Everyone 10+,20190226
Fate/Grand Order (English),GAME,4.4,16601,55,500000,Free,0,Teen,20190227
Honkai Impact 3rd,GAME,4.7,59017,82,1000000,Free,0,Teen,20190228
Lords Mobile: Battle of the Empires - Strategy RPG,GAME,4.4,3057481,14,50000000,Free,0,Teen,20190301
War and Order,GAME,4.3,224514,81,5000000,Free,0,Teen,20190302
Dungeon Hunter Champions: Epic Online Action RPG,GAME,4.2,26247,,1000000,Free,0,Teen,20190303
Candy Crush Saga,GAME,4.4,22430188,74,500000000,Free,0,Everyone,20190304
ROBLOX,GAME,4.5,4449910,67,100000000,Free,0,Everyone 10+,20190305
8 Ball Pool,GAME,4.5,14201891,52,100000000,Free,0,Everyone,20190306
Subway Surfers,GAME,4.5,27725352,76,1000000000,Free,0,Everyone 10+,20190307
Candy Crush Soda Saga,GAME,4.4,6199095,67,100000000,Free,0,Everyone,20190308
Zombie Hunter King,GAME,4.3,10493,50,1000000,Free,0,Mature 17+,20190309
Bubble Shooter,GAME,4.5,148945,46,10000000,Free,0,Everyone,20190310
Toon Blast,GAME,4.7,1351771,,10000000,Free,0,Everyone,20190311
Toy Blast,GAME,4.7,1889582,,50000000,Free,0,Everyone,20190312
Clash Royale,GAME,4.6,23136735,97,100000000,Free,0,Everyone 10+,20190313
Clash of Clans,GAME,4.6,44893888,98,100000000,Free,0,Everyone 10+,20190314
Farm Heroes Saga,GAME,4.4,7614415,70,100000000,Free,0,Everyone,20190315
Plants vs. Zombies FREE,GAME,4.4,4067651,69,100000000,Free,0,Everyone 10+,20190316
Word Search,GAME,4.7,295576,3.9,10000000,Free,0,Everyone,20190317
Block Puzzle,GAME,4.6,59907,7.8,5000000,Free,0,Everyone,20190318
Super Jim Jump - pixel 3d,GAME,4.5,10460,18,1000000,Free,0,Everyone,20190319
Pou,GAME,4.3,10486018,24,500000000,Free,0,Everyone,20190320
Temple Run 2,GAME,4.3,8119151,62,500000000,Free,0,Everyone,20190321
Flow Free,GAME,4.3,1295625,11,100000000,Free,0,Everyone,20190322
Homescapes,GAME,4.6,3093932,,10000000,Free,0,Everyone,20190323
Wordscapes,GAME,4.8,230849,87,10000000,Free,0,Everyone,20190324
My Talking Angela,GAME,4.5,9883367,99,100000000,Free,0,Everyone,20190325
slither.io,GAME,4.4,5235294,,100000000,Free,0,Everyone,20190326
Cooking Fever,GAME,4.5,3198176,82,100000000,Free,0,Everyone,20190327
Yes day,GAME,4.5,10055521,94,100000000,Free,0,Everyone,20190328
Gardenscapes,GAME,4.6,4129665,,50000000,Free,0,Everyone,20190329
Fishdom,GAME,4.6,2158580,,10000000,Free,0,Everyone,20190330
Galaxy Attack: Alien Shooter,GAME,4.6,506593,,10000000,Free,0,Everyone,20190331
Score! Hero,GAME,4.6,5419676,96,100000000,Free,0,Everyone,20190401
Zombie Catchers,GAME,4.7,990723,75,10000000,Free,0,Everyone,20190402
Magic Tiles 3,GAME,4.5,592504,,50000000,Free,0,Everyone,20190403
Jewels Star: OZ adventure,GAME,4.5,21892,14,1000000,Free,0,Everyone,20190404
Granny,GAME,4.5,1138239,59,50000000,Free,0,Teen,20190405
Dream League Soccer 2018,GAME,4.6,9883806,74,100000000,Free,0,Everyone,20190406
Sweet Fruit Candy,GAME,4.5,197540,29,10000000,Free,0,Everyone,20190407
Fruits Bomb,GAME,4.4,74695,17,10000000,Free,0,Everyone,20190408
Angry Birds Classic,GAME,4.4,5566889,97,100000000,Free,0,Everyone,20190409
Talking Tom Gold Run,GAME,4.6,2698882,78,100000000,Free,0,Everyone,20190410
Bowmasters,GAME,4.7,1535973,,50000000,Free,0,Teen,20190411
My Talking Tom,GAME,4.5,14892469,,500000000,Free,0,Everyone,20190412
Hill Climb Racing,GAME,4.4,8923818,63,100000000,Free,0,Everyone,20190413
Sniper 3D Gun Shooter: Free Shooting Games - FPS,GAME,4.6,7674252,,100000000,Free,0,Mature 17+,20190414
Pixel Art: Color by Number Game,GAME,4.7,1125438,25,10000000,Free,0,Everyone,20190415
Shoot Bubble - Fruit Splash,GAME,4.6,29445,29,5000000,Free,0,Everyone,20190416
Rider,GAME,4.5,655145,72,10000000,Free,0,Teen,20190417
Zombie Tsunami,GAME,4.4,4921451,,100000000,Free,0,Everyone 10+,20190418
Garena Free Fire,GAME,4.5,5476569,53,100000000,Free,0,Teen,20190419
Doodle Jump,GAME,4.3,1083571,,50000000,Free,0,Everyone,20190420
Subway Surfers,GAME,4.5,27725352,76,1000000000,Free,0,Everyone 10+,20190421
Helix Jump,GAME,4.2,1500999,33,100000000,Free,0,Everyone,20190422
Crossy Road,GAME,4.5,4230886,60,100000000,Free,0,Everyone,20190423
Temple Run 2,GAME,4.3,8119154,62,500000000,Free,0,Everyone,20190424
slither.io,GAME,4.4,5235294,,100000000,Free,0,Everyone,20190425
Bowmasters,GAME,4.7,1535973,,50000000,Free,0,Teen,20190426
Talking Tom Gold Run,GAME,4.6,2698889,78,100000000,Free,0,Everyone,20190427
Zombie Catchers,GAME,4.7,990663,75,10000000,Free,0,Everyone,20190428
Sniper 3D Gun Shooter: Free Shooting Games - FPS,GAME,4.6,7674252,,100000000,Free,0,Mature 17+,20190429
Swamp Attack,GAME,4.4,2119218,70,50000000,Free,0,Everyone 10+,20190430
Earn to Die 2,GAME,4.6,1327265,99,50000000,Free,0,Teen,20190501
Miraculous Ladybug & Cat Noir - The Official Game,GAME,4.5,184210,99,10000000,Free,0,Everyone,20190502
Kick the Buddy,GAME,4.3,1003269,,50000000,Free,0,Teen,20190503
Hungry Shark World,GAME,4.5,1242855,27,50000000,Free,0,Teen,20190504
Dude Perfect 2,GAME,4.5,401425,70,10000000,Free,0,Everyone,20190505
Shadow Fight 2,GAME,4.6,10979062,88,100000000,Free,0,Everyone 10+,20190506
Alto's Adventure,GAME,4.6,515657,63,10000000,Free,0,Everyone,20190507
DEER HUNTER 2018,GAME,4.3,955656,82,10000000,Free,0,Teen,20190508
DRAGON BALL LEGENDS,GAME,4.6,337913,48,5000000,Free,0,Teen,20190509
DEAD TARGET: FPS Zombie Apocalypse Survival Games,GAME,4.5,1468591,,50000000,Free,0,Mature 17+,20190510
Cover Fire: offline shooting games for free,GAME,4.7,725897,31,10000000,Free,0,Teen,20190511
Anger of stick 5 : zombie,GAME,4.5,549039,23,50000000,Free,0,Teen,20190512
CATS: Crash Arena Turbo Stars,GAME,4.7,1559650,,50000000,Free,0,Everyone,20190513
Soul Knight,GAME,4.7,292164,59,10000000,Free,0,Everyone 10+,20190514
Major Mayhem,GAME,4.6,520962,39,10000000,Free,0,Teen,20190515
DINO HUNTER: DEADLY SHORES,GAME,4.4,1381820,54,10000000,Free,0,Teen,20190516
Strawberry Shortcake BerryRush,GAME,4.3,525517,48,10000000,Free,0,Everyone,20190517
Extreme Match,GAME,4.5,696,,100000,Free,0,Everyone,20190518
Power Rangers Dino Charge,GAME,4.3,194969,30,10000000,Free,0,Everyone 10+,20190519
Zombie Hunter: Post Apocalypse Survival Games,GAME,4.4,327599,66,10000000,Free,0,Teen,20190520
Agar.io,GAME,4.2,3816799,32,100000000,Free,0,Everyone,20190521
Zombie Hunter King,GAME,4.3,10538,50,1000000,Free,0,Mature 17+,20190522
Garena Free Fire,GAME,4.5,5476569,53,100000000,Free,0,Teen,20190523
Battlelands Royale,GAME,4.4,105620,61,1000000,Free,0,Everyone 10+,20190524
Once Upon a Tower,GAME,4.7,37139,49,1000000,Free,0,Everyone 10+,20190525
TEKKEN‚Ñ¢,GAME,4.2,147791,38,5000000,Free,0,Teen,20190526
diep.io,GAME,4.1,347883,20,10000000,Free,0,Everyone,20190527
Arrow.io,GAME,4.5,343263,,10000000,Free,0,Everyone 10+,20190528
BEYBLADE BURST app,GAME,4.5,216849,,10000000,Free,0,Everyone,20190529
Dragon Hills,GAME,4.5,354373,66,10000000,Free,0,Everyone 10+,20190530
Bus Rush: Subway Edition,GAME,4.1,753043,57,100000000,Free,0,Teen,20190531
DC Super Hero Girls‚Ñ¢,GAME,4.3,43055,95,5000000,Free,0,Everyone,20190601
Tiny Archers,GAME,4.5,80678,,5000000,Free,0,Mature 17+,20190602
Metal Soldiers 2,GAME,4.4,153381,,10000000,Free,0,Teen,20190603
Runner 3d like,GAME,4.5,559,32,100000,Free,0,Everyone 10+,20190604
War Robots,GAME,4.6,3073251,33,50000000,Free,0,Everyone 10+,20190605
Dinosaur Simulator: Dino World,GAME,4,26649,66,5000000,Free,0,Teen,20190606
GUNSHIP BATTLE: Helicopter 3D,GAME,4.3,2151039,75,50000000,Free,0,Teen,20190607
Quiz: Logo game,GAME,4.5,306764,29,10000000,Free,0,Everyone,20190608
Candy Crush Saga,GAME,4.4,22430188,74,500000000,Free,0,Everyone,20190609
Plants vs. Zombies FREE,GAME,4.4,4067651,69,100000000,Free,0,Everyone 10+,20190610
Block Puzzle,GAME,4.6,59907,7.8,5000000,Free,0,Everyone,20190611
Helix Jump,GAME,4.2,1500622,33,100000000,Free,0,Everyone,20190612
8 Ball Pool,GAME,4.5,14201604,52,100000000,Free,0,Everyone,20190613
Jewels Legend - Match 3 Puzzle,GAME,4.6,280098,50,10000000,Free,0,Everyone,20190614
Bubble Shooter,GAME,4.5,148990,46,10000000,Free,0,Everyone,20190615
Solitaire,GAME,4.7,154264,12,10000000,Free,0,Everyone,20190616
Bubble Shooter Genies,GAME,4.5,26985,41,5000000,Free,0,Everyone,20190617
Blossom Blast Saga,GAME,4.5,1125438,63,10000000,Free,0,Everyone,20190618
Traffic Racer,GAME,4.5,5387781,53,100000000,Free,0,Everyone,20190619
Hill Climb Racing,GAME,4.4,8923847,63,100000000,Free,0,Everyone,20190620
Earn to Die 2,GAME,4.6,1327269,99,50000000,Free,0,Teen,20190621
Bubble Shooter 2,GAME,4.3,23043,,5000000,Free,0,Everyone,20190622
Candy Bomb,GAME,4.4,42145,20,10000000,Free,0,Everyone,20190623
Flow Free,GAME,4.3,1295625,11,100000000,Free,0,Everyone,20190624
Zombie Catchers,GAME,4.7,990796,75,10000000,Free,0,Everyone,20190625
Gems or jewels ?,GAME,4.7,171448,13,10000000,Free,0,Teen,20190626
Angry Birds Rio,GAME,4.4,2610680,46,100000000,Free,0,Everyone,20190627
Candy Crush Jelly Saga,GAME,4.3,1300619,78,50000000,Free,0,Everyone,20190628
Cut the Rope FULL FREE,GAME,4.4,2123793,49,100000000,Free,0,Everyone,20190629
Jewels Star: OZ adventure,GAME,4.5,21892,14,1000000,Free,0,Everyone,20190630
Hungry Shark Evolution,GAME,4.5,6074627,100,100000000,Free,0,Teen,20190701
Power Pop Bubbles,GAME,4.4,104303,,10000000,Free,0,Everyone,20190702
Angry Birds Classic,GAME,4.4,5566908,97,100000000,Free,0,Everyone,20190703
Best Fiends - Free Puzzle Game,GAME,4.6,1480182,,10000000,Free,0,Everyone,20190704
Hill Climb Racing 2,GAME,4.6,2750645,,100000000,Free,0,Everyone,20190705
Jewels classic Prince,GAME,4.4,47644,15,5000000,Free,0,Everyone,20190706
Fruit Block - Puzzle Legend,GAME,4.6,125647,33,10000000,Free,0,Everyone,20190707
Bubble Shooter Space,GAME,4.2,4355,,1000000,Free,0,Everyone,20190708
Swamp Attack,GAME,4.4,2119235,70,50000000,Free,0,Everyone 10+,20190709
1LINE ‚Äì One Line with One Touch,GAME,4.6,214878,10,10000000,Free,0,Everyone,20190710
Stick War: Legacy,GAME,4.6,811040,77,10000000,Free,0,Teen,20190711
Bowmasters,GAME,4.7,1536349,,50000000,Free,0,Teen,20190712
Magic Tiles 3,GAME,4.5,592504,,50000000,Free,0,Everyone,20190713
Block Puzzle Classic Legend !,GAME,4.2,17044,4.9,5000000,Free,0,Everyone,20190714
Marble Woka Woka 2018 - Bubble Shooter Match 3,GAME,4.6,155186,,10000000,Free,0,Everyone,20190715
Pixel Art: Color by Number Game,GAME,4.7,1125566,25,10000000,Free,0,Everyone,20190716
Score! Hero,GAME,4.6,5419676,96,100000000,Free,0,Everyone,20190717
Super Jabber Jump 3,GAME,4.3,34494,23,5000000,Free,0,Everyone 10+,20190718
Rush,GAME,4.6,260651,51,10000000,Free,0,Everyone,20190719
Jetpack Joyride,GAME,4.4,4638163,96,100000000,Free,0,Everyone 10+,20190720
Zombie Tsunami,GAME,4.4,4921409,,100000000,Free,0,Everyone 10+,20190721
DEAD TARGET: FPS Zombie Apocalypse Survival Games,GAME,4.5,1468638,,50000000,Free,0,Mature 17+,20190722
Word Search,GAME,4.2,344585,,50000000,Free,0,Everyone,20190723
Farm Heroes Saga,GAME,4.4,7614407,70,100000000,Free,0,Everyone,20190724
Racing in Car 2,GAME,4.3,234110,38,50000000,Free,0,Everyone,20190725
Dog Run - Pet Dog Simulator,GAME,4.7,48615,24,10000000,Free,0,Everyone,20190726
Rope Hero Return of a Legend,GAME,4.3,9951,96,1000000,Free,0,Mature 17+,20190727
Draw a Stickman: EPIC 2 Free,GAME,4.3,213340,24,10000000,Free,0,Everyone,20190728
Agar.io,GAME,4.2,3815614,32,100000000,Free,0,Everyone,20190729
Angry Birds Classic,GAME,4.4,5565856,97,100000000,Free,0,Everyone,20190730
UNO ‚Ñ¢ & Friends,GAME,4.1,1728557,,50000000,Free,0,Everyone,20190731
4 in a Row,GAME,3.8,4257,,500000,Free,0,Everyone,20190801
Bubble Shooter,GAME,4.5,43576,50,5000000,Free,0,Everyone,20190802
Subway Surfers,GAME,4.5,27711703,76,1000000000,Free,0,Everyone 10+,20190803
Super Mario Run,GAME,3.7,1221896,70,100000000,Free,0,Everyone,20190804
STARDOM: THE A-LIST,GAME,4.5,152658,29,1000000,Free,0,Teen,20190805
Glow Hockey,GAME,4.1,1703479,,100000000,Free,0,Everyone,20190806
Pok√©mon GO,GAME,4.1,10421284,85,100000000,Free,0,Everyone,20190807
Asphalt 8: Airborne,GAME,4.5,8389714,92,100000000,Free,0,Teen,20190808
PAC-MAN,GAME,4.2,685450,37,100000000,Free,0,Everyone,20190809
Lep's World 2 üçÄüçÄ,GAME,4.3,798522,57,100000000,Free,0,Everyone 10+,20190810
Law of Creation: A Playable Manga,GAME,4.5,13118,47,500000,Free,0,Teen,20190811
Real City Car Driver,GAME,3.7,413609,22,10000000,Free,0,Mature 17+,20190812
Rolling Sky,GAME,4.5,1117212,50,50000000,Free,0,Everyone,20190813
4 in a row,GAME,4.3,47698,4.1,5000000,Free,0,Everyone,20190814
Four In A Line Free,GAME,4.3,133195,11,5000000,Free,0,Everyone,20190815
Alto's Adventure,GAME,4.6,515240,63,10000000,Free,0,Everyone,20190816
Draw A Stickman,GAME,3.4,29265,17,1000000,Free,0,Everyone,20190817
Zombie Tsunami,GAME,4.4,4918776,,100000000,Free,0,Everyone 10+,20190818
Four In A Line,GAME,3.8,22191,3,1000000,Free,0,Everyone,20190819
Cardi B Piano Game,GAME,3.1,50,7.4,10000,Free,0,Everyone,20190820
MORTAL KOMBAT X,GAME,4.4,3039889,18,10000000,Free,0,Mature 17+,20190821
‚ñ∫ MultiCraft ‚Äï Free Miner! üëç,GAME,4.3,1305050,,50000000,Free,0,Everyone 10+,20190822
Pixel Gun 3D: Survival shooter & Battle Royale,GAME,4.5,4487182,55,50000000,Free,0,Teen,20190823
B-52 Spirits of Glory Deluxe,GAME,4.3,12,29,100,Paid,0.99,Everyone,20190824
Hungry Shark Evolution,GAME,4.5,6071542,100,100000000,Free,0,Teen,20190825
Perfect Piano,GAME,4.2,828489,,50000000,Free,0,Everyone,20190826
B-Grade Renegade,GAME,3.9,24,64,1000,Paid,1.99,Teen,20190827
Critical Ops,GAME,4.4,1397944,50,10000000,Free,0,Teen,20190828
Hill Climb Racing,GAME,4.4,8921451,63,100000000,Free,0,Everyone,20190829
Hitman Sniper,GAME,4.6,408292,29,10000000,Paid,0.99,Mature 17+,20190830
FRONTLINE COMMANDO: D-DAY,GAME,4.5,1736105,14,10000000,Free,0,Mature 17+,20190831
Fruit Ninja¬Æ,GAME,4.3,5091448,41,100000000,Free,0,Everyone,20190901
Crossy Road,GAME,4.5,4229977,60,100000000,Free,0,Everyone,20190902
Temple Run 2,GAME,4.3,8116142,62,500000000,Free,0,Everyone,20190903
Beach Buggy Blitz,GAME,4.2,640974,47,50000000,Free,0,Everyone,20190904
Vector,GAME,4.4,3058687,89,100000000,Free,0,Everyone 10+,20190905
Dr. Driving,GAME,4.5,4972230,9.9,100000000,Free,0,Everyone,20190906
D Day World War II Commando Survival Shooting,GAME,4.2,951,64,100000,Free,0,Teen,20190907
Geometry Dash Meltdown,GAME,4.6,1591129,48,50000000,Free,0,Everyone,20190908
Sniper 3D Gun Shooter: Free Shooting Games - FPS,GAME,4.6,7657490,,100000000,Free,0,Mature 17+,20190909
Bike Race Free - Top Motorcycle Racing Games,GAME,4.5,2586261,,100000000,Free,0,Everyone,20190910
Smash Hit,GAME,4.5,4147718,79,100000000,Free,0,Everyone,20190911
Temple Run,GAME,4.3,4000433,42,100000000,Free,0,Everyone,20190912
Super Car F. Mod for MCPE,GAME,3.6,214,4.9,50000,Free,0,Everyone,20190913
Geometry Dash World,GAME,4.6,759838,63,10000000,Free,0,Everyone,20190914
PUBG MOBILE,GAME,4.4,3697174,36,50000000,Free,0,Teen,20190915
Gangstar Vegas - mafia game,GAME,4.5,4830407,32,50000000,Free,0,Mature 17+,20190916
Granny,GAME,4.5,1128805,59,50000000,Free,0,Teen,20190917
Rolling G Sky,GAME,3.6,2065,25,100000,Free,0,Everyone,20190918
G-Switch 2,GAME,4.4,12683,19,1000000,Free,0,Everyone,20190919
G-Switch 3,GAME,4.6,3656,39,100000,Free,0,Everyone,20190920
G-Switch,GAME,3.8,4116,8.8,100000,Free,0,Everyone,20190921
Radial-G : Infinity,GAME,3.6,517,47,50000,Free,0,Everyone,20190922
Helix Jump,GAME,4.2,1485806,33,100000000,Free,0,Everyone,20190923
Geometry Dash Lite,GAME,4.5,6181640,58,100000000,Free,0,Everyone,20190924
Car Driving Simulator Drift,GAME,4.4,19816,57,1000000,Free,0,Everyone,20190925
The World Ends With You,GAME,4.6,4108,13,10000,Paid,17.99,Everyone 10+,20190926
RC City Police Heavy Traffic Racer,GAME,4.4,3250,27,1000000,Free,0,Everyone,20190927
Motorbike Driving Simulator 3D,GAME,3.9,178723,65,10000000,Free,0,Everyone,20190928
Helix,GAME,3.9,2454,37,500000,Free,0,Everyone,20190929
slither.io,GAME,4.4,5231553,,100000000,Free,0,Everyone,20190930
Solitaire!,GAME,4.7,403911,23,10000000,Free,0,Everyone,20191001
iGun Pro -The Original Gun App,GAME,4.2,249308,55,10000000,Free,0,Everyone,20191002
Sonic Dash,GAME,4.5,3777822,75,100000000,Free,0,Everyone,20191003
NinJump,GAME,4.3,421000,36,10000000,Free,0,Everyone,20191004
Zombie Catchers,GAME,4.7,989158,75,10000000,Free,0,Everyone,20191005
Fidget Spinner,GAME,4.2,307398,9.9,10000000,Free,0,Everyone,20191006
Jetpack Joyride,GAME,4.4,4637439,96,100000000,Free,0,Everyone 10+,20191007
Anger of stick 5 : zombie,GAME,4.5,547644,23,50000000,Free,0,Teen,20191008
J-Stars Victory VS Guide,GAME,4.1,609,13,10000,Free,0,Everyone,20191009
KIM KARDASHIAN: HOLLYWOOD,GAME,4.3,1017408,34,10000000,Free,0,Teen,20191010
Magic Tiles - TWICE Edition (K-Pop),GAME,4.4,2351,62,100000,Free,0,Everyone,20191011
Magic Tiles - Blackpink Edition (K-Pop),GAME,4.6,4304,71,100000,Free,0,Everyone,20191012
Korean Dungeon: K-Word 1000,GAME,4.7,703,40,10000,Free,0,Everyone 10+,20191013
Talking Tom Gold Run,GAME,4.6,2694969,78,100000000,Free,0,Everyone,20191014
Lep's World üçÄ,GAME,4.3,696019,,50000000,Free,0,Everyone 10+,20191015
Last Day on Earth: Survival,GAME,4.5,2308916,87,10000000,Free,0,Teen,20191016
Ant Smasher by Best Cool & Fun Games,GAME,4.2,1185148,29,100000000,Free,0,Everyone,20191017
Cheating Tom 3 - Genius School,GAME,4.3,90415,84,10000000,Free,0,Everyone,20191018
M3-X5-X6-M-ƒ∞3-ƒ∞8 RACƒ∞NG 2018,GAME,4.4,596,44,100000,Free,0,Everyone,20191019
M-acceleration 3D Car Racing,GAME,3.9,1202,34,100000,Free,0,Everyone,20191020
Super Hero M Craft Run,GAME,3.7,303,38,100000,Free,0,Everyone,20191021
Don't Hug Me I'm So Scared,GAME,3.5,901,63,50000,Free,0,Everyone,20191022
Rope'n'Fly 4,GAME,4.1,234606,59,10000000,Free,0,Everyone,20191023
Cops N Robbers - FPS Mini Game,GAME,4.2,156862,64,5000000,Free,0,Everyone 10+,20191024
Cops N Robbers 2,GAME,4.1,63680,46,1000000,Free,0,Everyone 10+,20191025
Hide N Seek : Mini Game,GAME,3.8,4719,54,500000,Free,0,Everyone,20191026
Rope'n'Fly 3 - Dusk Till Dawn,GAME,4,166033,23,10000000,Free,0,Everyone 10+,20191027
Drag'n'Boom,GAME,4.8,133180,54,1000000,Free,0,Everyone 10+,20191028
Traps n' Gemstones,GAME,4.5,413,9.1,1000,Paid,4.99,Everyone,20191029
Cops N Robbers,GAME,4,37789,58,1000000,Free,0,Teen,20191030
Ghosts'n Goblins MOBILE,GAME,3.8,466,28,10000,Paid,0.99,Everyone,20191031
Mopar Drag N Brag,GAME,4.2,30630,17,1000000,Free,0,Everyone,20191101
Draw N Guess Multiplayer,GAME,3.9,29505,69,1000000,Free,0,Everyone,20191102
Lock 'n' Roll Pro - Ad Free,GAME,4.6,169,13,1000,Paid,0.99,Everyone,20191103
Rock N' Cash Casino Slots -Free Vegas Slot Games,GAME,4.7,6187,33,100000,Free,0,Teen,20191104
Rock n Roll Music Quiz Game,GAME,3.7,80,7.6,10000,Free,0,Everyone,20191105
Jump'N'Shoot Attack,GAME,4.1,155,32,1000,Paid,2.49,Everyone,20191106
Ghouls'n Ghosts MOBILE,GAME,3.9,168,49,5000,Paid,1.99,Everyone 10+,20191107
Oddworld: New 'n' Tasty,GAME,4.6,1475,34,10000,Paid,4.99,Teen,20191108
Drink-O-Tron The Drinking Game,GAME,4.1,140,45,50000,Free,0,Mature 17+,20191109
The Maze Runner,GAME,4,428268,22,10000000,Free,0,Everyone,20191110
The Q - Live Trivia Game Network,GAME,2.7,1486,14,100000,Free,0,Everyone,20191111
Q*bert: Rebooted,GAME,4.3,13788,55,1000000,Free,0,Everyone,20191112
Gun Shoot War Q,GAME,4.2,26893,20,1000000,Free,0,Teen,20191113
DJMAX TECHNIKA Q - Music Game,GAME,4.3,21107,95,100000,Free,0,Everyone,20191114
R-TYPE II,GAME,4.3,5682,37,50000,Paid,1.99,Everyone,20191115
R-TYPE,GAME,4.5,7687,23,100000,Paid,1.99,Everyone,20191116
Stupid Zombies,GAME,4.5,464900,33,10000000,Free,0,Teen,20191117
Crime Wars S. Andreas,GAME,4.3,5785,93,500000,Free,0,Teen,20191118
Dino T-Rex,GAME,4,69115,2.4,10000000,Free,0,Everyone,20191119
Don't Starve: Pocket Edition,GAME,4.4,17988,7.9,100000,Paid,4.99,Teen,20191120
Don't Starve: Shipwrecked,GAME,4.1,1468,4.9,10000,Paid,4.99,Teen,20191121
Ludo - Don't get angry,GAME,4.2,131,23,1000,Paid,1.61,Everyone,20191122
U-48 Submarine Commander Free,GAME,3.5,4575,3.8,500000,Free,0,Everyone,20191123
Identity V,GAME,4.2,109263,38,1000000,Free,0,Teen,20191124
V for Voodoo,GAME,4.2,16876,59,1000000,Free,0,Teen,20191125
Sin City Crime Simulator V - Gangster,GAME,4.2,2113,67,100000,Free,0,Everyone 10+,20191126
The Gang Sniper V. Pocket Edition.,GAME,3.9,6121,61,500000,Free,0,Mature 17+,20191127
San Andreas: Gang Crime V,GAME,4.1,2399,42,100000,Free,0,Mature 17+,20191128
Mental Hospital V,GAME,4.2,2460,25,50000,Paid,0.99,Mature 17+,20191129
Grand Stickman Cover V,GAME,4,1744,37,100000,Free,0,Mature 17+,20191130
Words With Friends Classic,GAME,4.3,1704112,,50000000,Free,0,Everyone,20191201
Draw Something Classic,GAME,4.2,1092106,43,50000000,Free,0,Everyone,20191202
Extreme X Ray Robot Stunts,GAME,4.3,10806,49,5000000,Free,0,Everyone,20191203
Casino X - Free Online Slots,GAME,4.5,30515,,1000000,Free,0,Teen,20191204
X-WOLF,GAME,4.2,4878,27,100000,Free,0,Everyone 10+,20191205
Hero Fighter X,GAME,4.5,24210,45,500000,Free,0,Teen,20191206
Slendrina X,GAME,4.4,12736,56,1000000,Free,0,Teen,20191207
Robocar X Ray,GAME,4.5,3432,99,1000000,Free,0,Mature 17+,20191208
Space X: Sky Wars of Air Force,GAME,4.5,10748,47,1000000,Free,0,Everyone,20191209
Real Gangster Crime,GAME,4.3,285814,84,10000000,Free,0,Teen,20191210
Gangster Town,GAME,4.1,74842,99,5000000,Free,0,Teen,20191211
Rope Hero 3,GAME,4.4,45871,99,5000000,Free,0,Teen,20191212
Experiment Z - Zombie,GAME,4,229329,88,10000000,Free,0,Mature 17+,20191213
Z Champions,GAME,4.7,96028,59,1000000,Free,0,Teen,20191214
WithstandZ - Zombie Survival!,GAME,4.3,121612,59,1000000,Free,0,Teen,20191215
Zombie War Z : Hero Survival Rules,GAME,3.9,1987,62,100000,Free,0,Mature 17+,20191216
DRAGON BALL Z DOKKAN BATTLE,GAME,4.1,650114,80,10000000,Free,0,Teen,20191217
Cube Z (Pixel Zombies),GAME,4.2,41444,56,1000000,Free,0,Teen,20191218
GALAK-Z: Variant Mobile,GAME,3.9,145,79,10000,Free,0,Everyone,20191219
Reload: The Z-Team,GAME,4.3,1655,91,100000,Free,0,Everyone 10+,20191220
Rage Z: Multiplayer Zombie FPS Online Shooter,GAME,4.1,11258,44,500000,Free,0,Mature 17+,20191221
Pixel Z Gunner 3D - Battle Survival Fps,GAME,4.2,11408,96,1000000,Free,0,Teen,20191222
Saiyan Z: Super SSJ Ultimate Combat,GAME,4.4,306,61,10000,Free,0,Everyone,20191223
Mini DAYZ: Zombie Survival,GAME,4.1,94661,,1000000,Free,0,Teen,20191224
Zombie Avengers:(Dreamsky)Stickman War Z,GAME,4.3,13604,96,1000000,Paid,0.99,Teen,20191225
Route Z,GAME,3.9,24697,16,500000,Free,0,Teen,20191226
Dragon X Adventure: Warrior Z,GAME,4.3,8537,29,100000,Free,0,Everyone 10+,20191227
Ultimate Fighter Z,GAME,4.3,180,24,5000,Free,0,Everyone,20191228
Angry Birds Rio,GAME,4.4,2610328,46,100000000,Free,0,Everyone,20191229
Angry Birds Friends,GAME,4.2,829753,48,50000000,Free,0,Everyone,20191230
Angry Birds Go!,GAME,4.2,3846378,82,50000000,Free,0,Everyone,20191231
Angry Birds Star Wars,GAME,4.3,1218055,45,100000000,Free,0,Everyone,20200101
Assassin's Creed Identity,GAME,3.7,42529,92,500000,Paid,1.99,Teen,20200102
ONScripter Plus (Ad Free),GAME,4.5,100,17,1000,Paid,3.99,Everyone,20200103
Solitaire: Decked Out Ad Free,GAME,4.9,37302,35,500000,Free,0,Everyone,20200104
AE Jewels 2: Island Adventures,GAME,4.2,652,30,10000,Free,0,Everyone,20200105
AE Bingo: Offline Bingo Games,GAME,4.4,61746,,500000,Free,0,Teen,20200106
AE Jewels,GAME,4.2,960,18,50000,Free,0,Everyone,20200107
AE Spider Solitaire,GAME,4.5,17263,,500000,Free,0,Everyone,20200108
AE Coin Mania : Arcade Fun,GAME,4.3,30002,29,1000000,Free,0,Teen,20200109
Mupen64+AE FREE (N64 Emulator),GAME,4,41759,12,1000000,Free,0,Everyone,20200110
Mupen64Plus AE (N64 Emulator),GAME,4.2,4569,12,100000,Paid,0.99,Everyone,20200111
AE Lucky Fishing,GAME,4.3,18277,17,1000000,Free,0,Teen,20200112
AE Video Poker,GAME,4,721,18,50000,Free,0,Teen,20200113
AE Solitaire,GAME,4.3,1776,26,50000,Free,0,Everyone,20200114
AE Blackjack,GAME,4,1417,17,100000,Free,0,Teen,20200115
AE Gun Ball: arcade ball games,GAME,3.7,8581,12,1000000,Free,0,Everyone,20200116
AE 3D MOTOR :Racing Games Free,GAME,4.2,74902,,5000000,Free,0,Everyone,20200117
AE GTO Racing,GAME,3.9,6988,35,100000,Free,0,Everyone 10+,20200118
AE 3D Moto 3,GAME,3.9,2588,26,100000,Free,0,Everyone 10+,20200119
AE FreeCell,GAME,4.2,358,15,10000,Free,0,Everyone,20200120
AE City Jump,GAME,4.5,804,27,10000,Free,0,Everyone,20200121
AE Angry Chef,GAME,4.1,533,39,10000,Free,0,Everyone 10+,20200122
AE Master Moto,GAME,4,17876,37,1000000,Free,0,Everyone,20200123
AE Fishing Hunter,GAME,4.4,14,6.6,1000,Free,0,Everyone,20200124
Gun Strike Shoot,GAME,4.1,94761,17,10000000,Free,0,Teen,20200125
AG Drive 3D,GAME,3.8,164,22,10000,Free,0,Everyone,20200126
VR AG Racing for Cardboard,GAME,3.4,13,27,1000,Free,0,Everyone,20200127
AH-1 Viper Cobra Ops - helicopter flight simulator,GAME,3.8,1088,86,100000,Free,0,Teen,20200128
Ah! Coins,GAME,3.4,256,9.1,50000,Free,0,Everyone,20200129
AJ Jump: Animal Jam Kangaroos!,GAME,4.4,2975,42,50000,Paid,1.99,Everyone,20200130
Baby Game Animal Jam Free,GAME,2.8,9,26,500,Free,0,Everyone,20200131
Blackjack aj Poker,GAME,3.8,8,4.2,1000,Free,0,Teen,20200201
Puppy Shooting an AK-47: Platformer Zombie Game,GAME,4.8,21,89,1000,Free,0,Everyone,20200202
Crisis Action: 2018 NO.1 FPS,GAME,4.3,807226,34,10000000,Free,0,Teen,20200203
AK-47 3D,GAME,3.7,91,24,10000,Free,0,Everyone,20200204
Counter Terrorist Attack,GAME,3.9,145931,43,10000000,Free,0,Teen,20200205
RULES OF SURVIVAL,GAME,4.2,1343106,56,10000000,Free,0,Teen,20200206
GUN ZOMBIE,GAME,4.4,243121,38,5000000,Free,0,Teen,20200207
Shoot Strike War Fire,GAME,4.1,82827,20,10000000,Free,0,Teen,20200208
I Am Innocent,GAME,4.4,208501,56,1000000,Free,0,Teen,20200209
I am Bread,GAME,4,630,20,10000,Paid,4.99,Everyone,20200210
What Am I? - Brain Teasers,GAME,4.2,4537,15,100000,Free,0,Everyone,20200211
Who am I? (Biblical),GAME,4.5,5849,5.1,500000,Free,0,Everyone,20200212
Vikings: an Archer's Journey,GAME,4.5,10256,39,1000000,Free,0,Everyone,20200213
Draw a Stickman: EPIC Free,GAME,4.2,210317,46,10000000,Free,0,Everyone 10+,20200214
THE KING OF FIGHTERS-A 2012(F),GAME,4.4,406511,21,5000000,Free,0,Teen,20200215
Fast like a Fox,GAME,4.3,104389,12,5000000,Free,0,Everyone,20200216
Ao Oni2,GAME,4.1,21223,48,1000000,Free,0,Teen,20200217
Arena of Valor: 5v5 Arena Game,GAME,4.4,438911,99,10000000,Free,0,Teen,20200218
Mobile Legends: Bang Bang,GAME,4.4,8219586,99,100000000,Free,0,Teen,20200219
Kill Shot Bravo: Sniper FPS,GAME,4.4,579519,99,10000000,Free,0,Mature 17+,20200220
Carnivores: Dinosaur Hunter,GAME,4.2,62636,17,1000000,Free,0,Teen,20200221
Hopeless Land: Fight for Survival,GAME,4.2,250197,44,5000000,Free,0,Teen,20200222
Heroes Arena,GAME,4.2,336386,88,10000000,Free,0,Everyone 10+,20200223
DINO HUNTER: DEADLY SHORES,GAME,4.4,1381624,54,10000000,Free,0,Teen,20200224
Undead Assault,GAME,4.3,4704,37,100000,Free,0,Everyone 10+,20200225
Guess the Class üî• AQW,GAME,4.7,57,12,1000,Free,0,Everyone,20200226
Iron Blade,GAME,4.4,161637,82,10000000,Free,0,Mature 17+,20200227
Evil Apples: A Dirty Card Game,GAME,4.3,137696,55,5000000,Free,0,Mature 17+,20200228
Ghost Snap AR Horror Survival,GAME,3.8,898,33,100000,Free,0,Teen,20200229
The Walking Dead: Our World,GAME,4,22435,100,1000000,Free,0,Teen,20200301
Ingress,GAME,4.3,391325,43,10000000,Free,0,Everyone,20200302
Flat Pack,GAME,4.4,862,44,100000,Free,0,Everyone 10+,20200303
Crayola Color Blaster,GAME,3.8,17,30,1000,Free,0,Everyone,20200304
Guns of Boom - Online Shooter,GAME,4.6,1226514,99,10000000,Free,0,Teen,20200305
Guns Royale - Multiplayer Blocky Battle Royale,GAME,4.6,19070,90,100000,Free,0,Everyone 10+,20200306
Stack It AR,GAME,3.8,1363,26,100000,Free,0,Everyone,20200307
Nightenfell: Shared AR,GAME,4.5,20,65,1000,Paid,0.99,Everyone 10+,20200308
Arcraft - AR Sandbox,GAME,3.8,469,80,10000,Free,0,Everyone,20200309
AR Tank Battle,GAME,3.6,153,67,10000,Free,0,Everyone,20200310
Sonic the Hedgehog‚Ñ¢ Classic,GAME,4.4,125652,56,10000000,Free,0,Everyone,20200311
Pacific Navy Fighter C.E. (AS),GAME,4.3,11379,20,500000,Free,0,Everyone 10+,20200312
My OldBoy! Free - GBC Emulator,GAME,4.2,51787,,5000000,Free,0,Everyone,20200313
My Boy! Free - GBA Emulator,GAME,4.3,531074,2.5,10000000,Free,0,Everyone,20200314
SAMURAI vs ZOMBIES DEFENSE,GAME,4.5,407788,19,5000000,Free,0,Everyone,20200315
Five Nights at Freddy's 4 Demo,GAME,4.4,889425,45,10000000,Free,0,Teen,20200316
Five Nights at Freddy's 3 Demo,GAME,4.5,1041836,50,10000000,Free,0,Teen,20200317
Nights at Cube Pizzeria 3D ‚Äì 2,GAME,4,47151,36,5000000,Free,0,Everyone 10+,20200318
Rivals at War: Firefight,GAME,4.4,344819,51,5000000,Free,0,Teen,20200319
Five Nights at Freddy's,GAME,4.6,100805,50,1000000,Paid,2.99,Teen,20200320
7 Nights at Pixel Pizzeria - 2,GAME,4,23168,54,1000000,Free,0,Teen,20200321
Nights at Slender Pizzeria 3D,GAME,4.1,2628,45,100000,Free,0,Teen,20200322
One Night at Golden Freddy's,GAME,3.3,2717,4,100000,Free,0,Teen,20200323
Nights at Cube Pizzeria 3D ‚Äì 4,GAME,4.1,7728,39,500000,Free,0,Teen,20200324
Five Nights at Neighbor House,GAME,4.2,2180,55,100000,Free,0,Everyone 10+,20200325
Asylum Night Shift - Five Nights Survival,GAME,4,59223,46,5000000,Free,0,Teen,20200326
Five Nights at Freddy's: SL,GAME,4.5,16162,99,100000,Paid,2.99,Teen,20200327
Two Nights at jumpscare,GAME,3.8,596,91,100000,Free,0,Teen,20200328
Five Nights at Pizzeria,GAME,3.5,1976,21,100000,Free,0,Teen,20200329
Block Battles: Heroes at War - Multiplayer PVP,GAME,4.3,6698,46,500000,Free,0,Everyone 10+,20200330
Five Nights at Freddy's 4,GAME,4.6,21266,45,100000,Paid,2.99,Teen,20200331
Five Nights at Flappy's,GAME,4.7,4041,24,10000,Free,0,Everyone,20200401
5 Nights at Cube Pizzeria City,GAME,3.8,2691,52,100000,Free,0,Teen,20200402
Five Nights at Freddy's 3,GAME,4.7,27856,50,100000,Paid,2.99,Teen,20200403
Au Mobile: Audition Ch√≠nh Hi·ªáu,GAME,3.9,85278,23,1000000,Free,0,Mature 17+,20200404
AU Mobile Indonesia,GAME,3.6,16521,23,1000000,Free,0,Everyone,20200405
Super Dancer,GAME,4.1,91667,27,1000000,Free,0,Everyone,20200406
Au-allstar for KR,GAME,3.6,2433,47,100000,Free,0,Everyone,20200407
Super Dancer VN,GAME,4,24312,25,500000,Free,0,Everyone,20200408
Love Dance,GAME,4,29462,44,1000000,Free,0,Teen,20200409
Avatar Musik,GAME,3.8,159063,85,1000000,Free,0,Everyone,20200410
DEER HUNTER 2018,GAME,4.3,955614,82,10000000,Free,0,Teen,20200411
Armored Warfare: Assault,GAME,4,7718,46,100000,Free,0,Everyone,20200412
Auction Wars : Storage King,GAME,4.1,29062,63,1000000,Free,0,Everyone,20200413
iSniper 3D Arctic Warfare,GAME,3.8,35572,,1000000,Free,0,Teen,20200414
Modern Action Commando 3D,GAME,4.2,492,63,100000,Free,0,Teen,20200415
Call of Duty¬Æ: Heroes,GAME,4.4,1604146,57,10000000,Free,0,Teen,20200416
AXE.IO - Brutal Survival Battleground,GAME,4.2,3845,76,500000,Free,0,Everyone 10+,20200417
Axe Champ,GAME,3.8,141,19,10000,Free,0,Everyone,20200418
Axe Champion,GAME,4.4,21,15,5000,Free,0,Everyone,20200419
Vikings Stickman Axe Fighting,GAME,4.2,924,43,100000,Free,0,Everyone,20200420
Axetatic - Axe Throwing Game,GAME,4.6,29,31,1000,Free,0,Everyone 10+,20200421
Axe Champs! Wars,GAME,5,8,25,50,Free,0,Everyone,20200422
Axe Knight,GAME,4.5,52,33,5000,Free,0,Everyone,20200423
The Vikings,GAME,4.4,15806,42,1000000,Free,0,Teen,20200424
Knife&Axe Throwing,GAME,3.1,440,9.1,50000,Free,0,Everyone,20200425
Stickman and Axe,GAME,4.4,69,2.8,50000,Free,0,Teen,20200426
Axe Man,GAME,3.7,53,14,1000,Free,0,Everyone,20200427
Dead Zombie Evil Killer:Axe,GAME,3.9,71,52,10000,Free,0,Teen,20200428
Zlax.io Zombs Luv Ax,GAME,4.6,6344,32,500000,Free,0,Everyone,20200429
Clash of Axe: Flippy Lumberjack Action X,GAME,4.3,6,61,1000,Free,0,Everyone,20200430
Flippy Axe : Flip The Knife & Axe Simulator,GAME,5,7,15,100,Free,0,Everyone,20200501
Woodman Deluxe,GAME,4,82,4.4,5000,Free,0,Everyone,20200502
¬°Ay Metro!,GAME,3.8,489,36,10000,Free,0,Everyone 10+,20200503
San Andreas Crime Stories,GAME,4,162530,97,10000000,Free,0,Mature 17+,20200504
Miami crime simulator,GAME,4,254518,100,10000000,Free,0,Mature 17+,20200505
Strange Hero: Future Battle,GAME,4.2,88901,73,10000000,Free,0,Teen,20200506
Mad Day - Truck Distance Game,GAME,4.3,29270,44,5000000,Free,0,Everyone,20200507
AZ Rockets,GAME,4.2,162,37,10000,Free,0,Everyone,20200508
Ra Ga Ba,GAME,5,2,20,1,Paid,1.49,Everyone,20200509
Ba Cristi,GAME,3.5,196,35,10000,Free,0,Everyone,20200510
Banana Kong,GAME,4.4,3452530,68,100000000,Free,0,Everyone,20200511
Space Shooter : Galaxy Attack,GAME,4.6,169661,40,10000000,Free,0,Everyone,20200512
BC Slots - The Lost Reels FREE,GAME,4,209,22,10000,Free,0,Teen,20200513
Millionaire : Who want to be?,GAME,4.4,4396,40,100000,Free,0,Everyone,20200514
Bowmasters,GAME,4.7,1535581,,50000000,Free,0,Teen,20200515
Beauty Idol: Fashion Queen,GAME,4.3,128367,54,1000000,Free,0,Everyone,20200516
Hard Time (Prison Sim),GAME,4.3,275843,41,10000000,Free,0,Teen,20200517
Battlefield‚Ñ¢ Companion,GAME,4,263907,62,10000000,Free,0,Everyone 10+,20200518
Wolf of the BF:Commando MOBILE,GAME,3.4,32,27,1000,Paid,0.99,Everyone 10+,20200519
BF at Sea Refueled,GAME,4.4,1849,37,10000,Free,0,Everyone,20200520
Bullet Force,GAME,4.5,634159,58,10000000,Free,0,Teen,20200521
BF Combat: Genesis,GAME,4,3322,82,100000,Free,0,Mature 17+,20200522
Combat BF: Black Ops 3,GAME,4.2,7699,83,500000,Free,0,Mature 17+,20200523
BF Frontline City,GAME,4.1,29798,80,1000000,Free,0,Mature 17+,20200524
Faketalk - Chatbot,GAME,4.2,63056,8.1,1000000,Free,0,Teen,20200525
Block Gun 3D: Call of Destiny,GAME,3.7,31883,20,1000000,Free,0,Teen,20200526
BLOOD & GLORY: IMMORTALS,GAME,4.3,101762,11,1000000,Free,0,Teen,20200527
Shadow Fight 2 Special Edition,GAME,4.5,10440,86,50000,Paid,4.99,Teen,20200528
Block Gun 3D: Ghost Ops,GAME,3.9,142693,21,5000000,Free,0,Teen,20200529
Backgammon NJ for Android,GAME,4.4,1644,15,10000,Paid,7.99,Everyone,20200530
Rento - Dice Board Game Online,GAME,4.3,205830,63,10000000,Free,0,Everyone,20200531
Survival Run with Bear Grylls,GAME,4.2,128579,,5000000,Free,0,Everyone,20200601
VIP Backgammon Free : Play Backgammon Online,GAME,4.1,389,,10000,Free,0,Teen,20200602
Bi-Tank,GAME,4.6,12,18,50,Free,0,Everyone,20200603
Bike Rivals,GAME,4.2,212067,48,10000000,Free,0,Everyone,20200604
Bingo Party - Free Bingo Games,GAME,4.7,155694,92,1000000,Free,0,Teen,20200605
BJ's Bingo & Gaming Casino,GAME,4.5,501,65,10000,Free,0,Teen,20200606
BJ Bridge Pro 2018,GAME,4.4,17,4.8,500,Paid,4.49,Everyone,20200607
BJ Bridge Free (2018),GAME,3.9,20,4.8,10000,Free,0,Everyone,20200608
BJ Bridge Acol Beginner 2018,GAME,3.7,11,4.8,5000,Free,0,Everyone,20200609
BJ Bridge Standard American 2018,GAME,1,1,4.9,1000,Free,0,Everyone,20200610
Cards Casino:Video Poker & BJ,GAME,4.7,325,23,10000,Free,0,Teen,20200611
"Real Casino:Slot,Keno,BJ,Poker",GAME,4.1,341,26,50000,Free,0,Teen,20200612
BLACKJACK!,GAME,4.4,524467,33,10000000,Free,0,Teen,20200613
Blackjack Verite Drills,GAME,4.6,17,4.7,100,Paid,14,Teen,20200614
Blackjack,GAME,4.3,52199,,1000000,Free,0,Teen,20200615
BlackJack -21 Casino Card Game,GAME,4.7,2066,25,100000,Free,0,Teen,20200616
BlackJack 21 Pro,GAME,4.5,26744,51,500000,Free,0,Teen,20200617
Ultimate BlackJack 3D FREE,GAME,4.1,1686,4.6,100000,Free,0,Teen,20200618
Blood Domination - BL Game,GAME,4.5,415,52,10000,Free,0,Mature 17+,20200619
Heirs & Graces,GAME,4.3,125,70,5000,Free,0,Teen,20200620
SecondSecret ‚Äê„ÄåÊÅã„ÇíË™≠„ÇÄ„ÄçBL„Éé„Éô„É´„Ç≤„Éº„É†‚Äê,GAME,4.4,1563,40,50000,Free,0,Teen,20200621
Lust in Terror Manor - The Truth Unveiled | Otome,GAME,4.1,355,53,10000,Free,0,Teen,20200622
MEGA MAN MOBILE,GAME,4,267,40,10000,Paid,1.99,Everyone,20200623
BL!TZ - Endless,GAME,4.7,21,9,100,Free,0,Everyone,20200624
Teen Patti by BL Games,GAME,4.1,496,39,100000,Free,0,Teen,20200625
Word Hunt,GAME,4.9,59,21,500,Free,0,Everyone,20200626
New York Mysteries (Full),GAME,4.5,514,5.9,5000,Paid,6.99,Teen,20200627
The Legacy (Full),GAME,4.6,144,6.3,1000,Paid,6.99,Everyone,20200628
Skip-Bo‚Ñ¢,GAME,4.4,33661,60,100000,Paid,2.99,Everyone,20200629
Skip-Bo‚Ñ¢ Free,GAME,3.5,46801,60,1000000,Free,0,Everyone,20200630
Red Ball 4,GAME,4.4,1432447,59,50000000,Free,0,Everyone,20200701
Skater Boy,GAME,4.3,1167143,12,100000000,Free,0,Everyone,20200702
Sic Bo Online! Free Casino,GAME,3.8,488,30,100000,Free,0,Teen,20200703
Hambo,GAME,4.4,125578,17,5000000,Free,0,Everyone,20200704
Sic Bo Rave,GAME,3.9,164,33,10000,Free,0,Teen,20200705
Thai Sic Bo,GAME,4.1,14283,4.2,1000000,Free,0,Teen,20200706
Bounce Classic,GAME,4.5,38297,6.4,10000000,Free,0,Everyone,20200707
Bomber Friends,GAME,4.5,776730,49,10000000,Free,0,Everyone 10+,20200708
Sic Bo (Tai Xiu) - Multiplayer Casino,GAME,4.2,152,16,10000,Free,0,Teen,20200709
Hungry Shark World,GAME,4.5,1243017,27,50000000,Free,0,Teen,20200710
BQ-·àò·åΩ·àê·çç ·âÖ·ã±·à≥·ãä ·å•·ã´·âÑ·ãé·âΩ,GAME,4.7,191,7.2,5000,Free,0,Everyone,20200711
Carros Rebaixados BR,GAME,4.3,20691,89,1000000,Free,0,Everyone,20200712
Texas HoldEm Poker Deluxe (BR),GAME,4.5,1418,26,10000,Free,0,Teen,20200713
Brick Breaker BR,GAME,5,7,19,5,Free,0,Everyone,20200714
Black Commando | Special Ops | FPS Shooting,GAME,4.1,1167,72,100000,Free,0,Teen,20200715
True Skateboarding Ride Skateboard Game Freestyle,GAME,3.8,8175,31,1000000,Free,0,Everyone 10+,20200716
Bullshit! (Free),GAME,2.4,45,4.1,10000,Free,0,Teen,20200717
Bullshite!,GAME,2.8,48,13,10000,Free,0,Teen,20200718
Block Strike,GAME,4.5,947515,60,10000000,Free,0,Teen,20200719
BombSquad Remote,GAME,4.1,13304,1.3,1000000,Free,0,Everyone,20200720
B@dL!bs Lite,GAME,3.8,10,36,1000,Free,0,Mature 17+,20200721
kick the buddy,GAME,3.3,294,19,10000,Free,0,Everyone,20200722
Kick the Buddy,GAME,4.3,1004709,,50000000,Free,0,Teen,20200723
Smashy Road: Arena,GAME,4.3,45558,53,5000000,Free,0,Everyone 10+,20200724
BW-Go,GAME,4.8,265,1.3,1000,Paid,3.49,Everyone,20200725
BW-Go Free,GAME,4.6,547,1.3,10000,Free,0,Everyone,20200726
BW-Joseki,GAME,4.7,705,1.8,10000,Free,0,Everyone,20200727
BW-DGS plugin,GAME,4.5,70,0.674,1000,Free,0,Everyone,20200728
BW-GnuGo,GAME,4.1,64,1.3,5000,Free,0,Everyone,20200729
RC Monster Truck - Offroad Driving Simulator,GAME,4,38448,27,5000000,Free,0,Everyone,20200730
Super Jabber Jump,GAME,4.3,85882,23,10000000,Free,0,Everyone,20200731
Commando Adventure Assassin,GAME,4,51067,48,5000000,Free,0,Teen,20200801
Roulette Advisor LITE,GAME,4.1,41,1.4,5000,Free,0,Everyone,20200802
Mini Motor Racing WRT,GAME,4.2,107497,,1000000,Free,0,Everyone,20200803
BMX Boy Bike Stunt Rider Game,GAME,3.8,299,25,10000,Free,0,Everyone,20200804
World of Warriors: Duel,GAME,4.3,25952,36,500000,Free,0,Everyone 10+,20200805
Driving Zone,GAME,4.2,51791,57,1000000,Free,0,Everyone,20200806
Color by Number ‚Äì New Coloring Book,GAME,4.7,142308,24,5000000,Free,0,Everyone 10+,20200807
Car Race by Fun Games For Free,GAME,4.3,54221,47,1000000,Free,0,Everyone,20200808
Slot Machines by IGG,GAME,4.6,267229,24,10000000,Free,0,Teen,20200809
Bingo by IGG: Top Bingo+Slots!,GAME,4.7,183343,20,5000000,Free,0,Teen,20200810
Voxel - 3D Color by Number & Pixel Coloring Book,GAME,4.7,62561,53,1000000,Free,0,Everyone,20200811
BZ Zombie VR,GAME,4.4,12,98,1000,Free,0,Mature 17+,20200812
BZ Fingers,GAME,4.6,15,3.2,50,Free,0,Everyone,20200813
Sniper Gun Shot 3D: Impossible Missions,GAME,4.6,20,34,100,Free,0,Mature 17+,20200814
Elite Commando Shooting War,GAME,4.5,14,45,100,Free,0,Teen,20200815
Creative Destruction,GAME,4.4,201426,80,5000000,Free,0,Teen,20200816
Sonic CD Classic,GAME,4.6,26138,15,1000000,Free,0,Everyone,20200817
ARK: Survival Evolved,GAME,3.8,51523,36,500000,Free,0,Teen,20200818
PAC-MAN CE DX,GAME,4.5,1692,36,10000,Paid,4.99,Everyone,20200819
Grim Tales: The Wishes CE,GAME,4.3,4923,20,100000,Free,0,Everyone 10+,20200820
CrossFire: Legends,GAME,4.3,144040,29,5000000,Free,0,Teen,20200821
Special Forces Group 2,GAME,4.6,1432809,29,10000000,Free,0,Mature 17+,20200822
Motocross Motorbike Simulator Offroad,GAME,3.6,51366,16,5000000,Free,0,Everyone,20200823
Sermon on Proverbs CH Spurgeon,GAME,4.8,35,3.1,10000,Free,0,Everyone,20200824
Chicken Invaders 3,GAME,4.2,52390,20,5000000,Free,0,Everyone,20200825
Trovami se ci riesci,GAME,5,11,6.1,10,Free,0,Everyone,20200826
CJ: Strike Back,GAME,4.3,29330,6.9,1000000,Free,0,Everyone,20200827
The Grand Wars: San Andreas,GAME,3.9,29990,96,1000000,Free,0,Teen,20200828
Grand Theft Auto: San Andreas,GAME,4.4,348962,26,1000000,Paid,6.99,Mature 17+,20200829
The Grand Way,GAME,3.9,1995,92,500000,Free,0,Teen,20200830
San Andreas City : Auto Theft Car gangster,GAME,3.9,923,67,100000,Free,0,Teen,20200831
Miami Crime Vice Town,GAME,4.1,154519,99,10000000,Free,0,Mature 17+,20200901
CJ Poker Odds Calculator,GAME,4.1,207,0.113,50000,Free,0,Everyone,20200902
Gangster City Auto Theft,GAME,4.3,350,67,50000,Free,0,Everyone,20200903
China Town Auto Theft 2,GAME,4.1,364,67,50000,Free,0,Everyone 10+,20200904
Grand Gangsters 3D,GAME,4.2,401643,,10000000,Free,0,Teen,20200905
Gang Wars of San Andreas,GAME,4.1,9898,63,1000000,Free,0,Mature 17+,20200906
Sin City Hero : Crime Simulator of Vegas,GAME,4.1,3371,78,100000,Free,0,Teen,20200907
Zombie Death Shooter,GAME,3.8,17372,45,1000000,Free,0,Mature 17+,20200908
Project Grand Auto Town Sandbox Beta,GAME,3.7,7885,28,500000,Free,0,Mature 17+,20200909
F*ck This Game,GAME,4.6,8,6.3,100,Paid,0.99,Teen,20200910
211:CK,GAME,5,8,38,10,Paid,0.99,Teen,20200911
CONTRACT KILLER: ZOMBIES (NR),GAME,4.4,206602,13,5000000,Free,0,Mature 17+,20200912
CKZ ORIGINS,GAME,4.5,219821,10,1000000,Free,0,Mature 17+,20200913
211:CK Lite,GAME,4.3,3,39,10,Free,0,Mature 17+,20200914
CONTRACT KILLER: ZOMBIES,GAME,4.4,144545,13,5000000,Free,0,Teen,20200915
Can Knockdown 3,GAME,4.1,349503,19,10000000,Free,0,Everyone,20200916
Sky Streaker - Gumball,GAME,4.3,37513,31,5000000,Free,0,Everyone,20200917
Just A Regular Arcade,GAME,4.2,40847,94,1000000,Free,0,Everyone,20200918
Dreamland Arcade - Steven Universe,GAME,4,6386,24,500000,Free,0,Everyone,20200919
Adventure Time Run,GAME,4.3,24628,88,1000000,Free,0,Everyone,20200920
Glitch Fixers: Powerpuff Girls,GAME,4.4,39698,51,5000000,Free,0,Everyone,20200921
StirFry Stunts - We Bare Bears,GAME,4.5,121533,63,10000000,Free,0,Everyone,20200922
Angelo Rules - Crazy day,GAME,3.9,108336,62,1000000,Free,0,Everyone,20200923
Adventure Time Game Wizard,GAME,4.1,4107,40,50000,Paid,4.99,Everyone,20200924
Best Park in the Universe,GAME,4.3,3904,5.5,10000,Paid,2.99,Everyone 10+,20200925
Multicraft Miner Exploration,GAME,4,14563,74,1000000,Free,0,Everyone 10+,20200926
Them Bombs: co-op board game play with 2-4 friends,GAME,4.7,8038,52,100000,Free,0,Teen,20200927
Chinese Chess ( Xiangqi Free ),GAME,4.6,963,4.1,50000,Free,0,Everyone,20200928
Chinese Chess / Co Tuong,GAME,4.2,6947,20,500000,Free,0,Everyone,20200929
Call of Mini‚Ñ¢ Zombies 2,GAME,4.4,248417,17,5000000,Free,0,Teen,20200930
"Chinese Chess 3D Online (Xiangqi, Ë±°Ê£ã, co tuong)",GAME,3.5,23,37,1000,Paid,0.99,Everyone,20201001
2-Player Co-op Zombie Shoot,GAME,4.2,33,13,1000,Free,0,Teen,20201002
IV GoÔºàget IV for PokemonÔºâ,GAME,4.6,132282,20,1000000,Free,0,Everyone,20201003
CP Trivia,GAME,5,5,12,100,Free,0,Everyone,20201004
CQ: Lost In Transmission,GAME,4.2,4,61,10,Free,0,Everyone,20201005
Palavras la cq,GAME,3.9,783,3.4,100000,Free,0,Everyone,20201006
Gunship Modern Combat 3D,GAME,4.2,3247,26,500000,Free,0,Teen,20201007
Sniper Killer Shooter,GAME,4,119368,19,10000000,Free,0,Teen,20201008
Snowboard Racing Free Fun Game,GAME,3.8,4552,43,100000,Free,0,Everyone,20201009
Toughest Game Ever 2,GAME,4.6,293086,,5000000,Free,0,Everyone,20201010
RIDE ZERO,GAME,4.6,8778,36,100000,Free,0,Teen,20201011
Critical Strike CS: Counter Terrorist Online FPS,GAME,4.3,22773,,1000000,Free,0,Mature 17+,20201012
Assault Line CS Online Fps Go,GAME,4.1,52163,70,1000000,Free,0,Mature 17+,20201013
Standoff 2,GAME,4.5,299046,47,10000000,Free,0,Mature 17+,20201014
Counter Online FPS Game,GAME,4.2,41089,42,5000000,Free,0,Teen,20201015
Combat Strike CS üî´ Counter Terrorist Attack FPSüí£,GAME,4.1,1019,39,100000,Free,0,Teen,20201016
Ultimate Quiz for CS:GO - Skins | Cases | Players,GAME,4.5,2526,22,100000,Free,0,Everyone,20201017
–êim Training for CS,GAME,3.6,2328,12,100000,Free,0,Everyone,20201018
Sniper Traning for CS GO,GAME,3.2,655,14,50000,Free,0,Teen,20201019
Your rank CS:GO,GAME,4.1,4946,7.5,100000,Free,0,Teen,20201020
Mobile CS:GO,GAME,3.1,1015,0.627,100000,Free,0,Everyone,20201021
Counter Terrorist Gun Strike CS: Special Forces,GAME,4.2,211,44,10000,Free,0,Teen,20201022
Shooter Sniper CS - FPS Games,GAME,3.5,14823,40,1000000,Free,0,Teen,20201023
CS16Client,GAME,4.3,8668,9.1,500000,Free,0,Teen,20201024
Counter Attack - Multiplayer FPS,GAME,4.3,112565,32,1000000,Free,0,Teen,20201025
What's Your CS:GO rank?,GAME,2.3,278,2.4,10000,Free,0,Teen,20201026
Map Callouts for CS:GO,GAME,4.3,211,3.6,50000,Free,0,Everyone,20201027
Quiz CS:GO players,GAME,4.4,460,31,50000,Free,0,Everyone,20201028
Puzzle for CS:GO,GAME,4.3,247,18,10000,Free,0,Everyone,20201029
CT-REMOTE,GAME,3.3,19,1.6,100,Paid,4.49,Everyone,20201030
CT-ART 4.0 (Chess Tactics 1200-2400 ELO),GAME,4.8,8191,,100000,Free,0,Everyone,20201031
Moto Rider,GAME,4.2,115176,24,10000000,Free,0,Teen,20201101
Shadow Fight 2,GAME,4.6,10981850,88,100000000,Free,0,Everyone 10+,20201102
Crazy Wheels,GAME,4,121082,7,10000000,Free,0,Teen,20201103
Cartoon Wars: Blade,GAME,4.4,165656,38,5000000,Free,0,Teen,20201104
Freecell CY,GAME,4,387,1.1,50000,Free,0,Everyone,20201105
Cytus II,GAME,4.7,16851,81,100000,Paid,1.99,Everyone 10+,20201106
Cytus,GAME,4.7,541732,20,5000000,Free,0,Everyone,20201107
Shadowverse CCG,GAME,4.2,47340,61,1000000,Free,0,Teen,20201108
SuperBikers 2,GAME,3.9,6200,,500000,Free,0,Everyone 10+,20201109
Dan the Man: Action Platformer,GAME,4.8,528550,73,10000000,Free,0,Teen,20201110
Geometry Dash SubZero,GAME,4.6,260527,49,10000000,Free,0,Everyone,20201111
Metal Soldiers 2,GAME,4.4,153649,,10000000,Free,0,Teen,20201112
Quiz TRUE or FALSE,GAME,4.6,2464,34,50000,Free,0,Everyone,20201113
Run Sausage Run!,GAME,4.4,276105,,10000000,Free,0,Everyone 10+,20201114
Knife Hit,GAME,4.5,462614,60,10000000,Free,0,Everyone,20201115
The Visitor,GAME,4.1,39895,25,5000000,Free,0,Mature 17+,20201116
Just Dance Now,GAME,4.2,794058,56,10000000,Free,0,Everyone,20201117
DRAGON BALL LEGENDS,GAME,4.6,338742,48,5000000,Free,0,Teen,20201118
DB Ultra Saiyan Battle,GAME,4.5,33,44,1000,Free,0,Everyone 10+,20201119
Injustice 2,GAME,4.3,504765,36,5000000,Free,0,Teen,20201120
Injustice: Gods Among Us,GAME,4.4,2440877,32,10000000,Free,0,Teen,20201121
Ultimate DC Challenge,GAME,4.5,937,35,10000,Free,0,Everyone,20201122
Justice League Action Run,GAME,4.3,22333,9.7,1000000,Free,0,Everyone 10+,20201123
Quiz DC,GAME,1.4,33,3.1,1000,Free,0,Everyone,20201124
MARVEL Contest of Champions,GAME,4.3,2468915,92,50000000,Free,0,Teen,20201125
MARVEL Avengers Academy,GAME,4.2,304106,,10000000,Free,0,Teen,20201126
DC Universe Quiz,GAME,4.3,11,23,500,Free,0,Everyone,20201127
Power Rangers: Legacy Wars,GAME,4.3,264755,91,10000000,Free,0,Teen,20201128
WDAMAGE: Car Crash Engine,GAME,3.8,47386,96,1000000,Free,0,Everyone,20201129
Word Search multilingual,GAME,4.2,32849,1.5,1000000,Free,0,Everyone,20201130
Piano Free - Keyboard with Magic Tiles Music Games,GAME,4.5,785622,,50000000,Free,0,Everyone,20201201
Racing in Car 2,GAME,4.3,234589,38,50000000,Free,0,Everyone,20201202
Bike Racing 3D,GAME,4.2,951435,14,50000000,Free,0,Everyone,20201203
Truck Driver Cargo,GAME,4.1,257531,44,10000000,Free,0,Everyone 10+,20201204
Checkers,GAME,4.5,375996,3.3,10000000,Free,0,Everyone,20201205
Scratch Logo Quiz. Challenging brain puzzle,GAME,3.3,152102,18,10000000,Free,0,Teen,20201206
DG Mobile,GAME,4.3,59,1.4,1000,Free,0,Everyone,20201207
Destroy Gunners Œ£,GAME,4.4,10786,21,1000000,Free,0,Everyone,20201208
DH Texas Poker - Texas Hold'em,GAME,4.4,562345,,10000000,Free,0,Teen,20201209
DEER HUNTER CLASSIC,GAME,4.4,3941129,77,50000000,Free,0,Teen,20201210
DEER HUNTER RELOADED,GAME,4.3,314774,43,5000000,Free,0,Teen,20201211
DH Pineapple Poker OFC,GAME,4.2,1878,20,100000,Free,0,Teen,20201212
Call of Mini‚Ñ¢ Dino Hunter,GAME,4.2,326042,10,10000000,Free,0,Teen,20201213
Bike Mayhem Free,GAME,4.3,331692,,10000000,Free,0,Everyone,20201214
Car Crash III Beam DH Real Damage Simulator 2018,GAME,3.6,151,100,10000,Free,0,Everyone,20201215
DEER HUNTER CHALLENGE,GAME,3.7,38767,4.1,5000000,Free,0,Everyone 10+,20201216
Defender,GAME,4.6,152395,14,10000000,Free,0,Everyone 10+,20201217
Texas HoldEm Poker Deluxe,GAME,4.5,396090,26,10000000,Free,0,Teen,20201218
Deck Heroes: Legacy,GAME,4.7,466495,52,10000000,Free,0,Teen,20201219
Shred! Downhill Mountainbiking,GAME,3.9,41683,63,1000000,Free,0,Everyone,20201220
Archery Physics Objects Destruction Apple shooter,GAME,4.5,6026,39,100000,Free,0,Teen,20201221
Fancy Pants Adventures,GAME,4.7,55952,61,1000000,Free,0,Everyone 10+,20201222
Lep's World 3 üçÄüçÄüçÄ,GAME,4.3,771001,52,50000000,Free,0,Everyone 10+,20201223
Robbery Bob,GAME,4.5,617732,44,10000000,Free,0,Everyone 10+,20201224
Nyan Cat: Lost In Space,GAME,4.5,371318,90,10000000,Free,0,Everyone 10+,20201225
DK Quiz,GAME,4.4,1628,34,50000,Free,0,Everyone,20201226
Super DK vs Kong Brother Advanced Free Classic,GAME,3.8,66,38,10000,Free,0,Everyone,20201227
DM EVOLUTION,GAME,2.5,450,97,10000,Free,0,Everyone,20201228
Destiny Ninja Shall we date otome games love story,GAME,4.4,13079,30,500000,Free,0,Everyone 10+,20201229
Free Poker Games : Downtown Casino - Texas Holdem,GAME,4.5,2032,50,50000,Free,0,Teen,20201230
NARUTO X BORUTO NINJA VOLTAGE,GAME,4.4,267395,71,5000000,Free,0,Everyone 10+,20201231
Does not Commute,GAME,4,154108,78,5000000,Free,0,Everyone,20210101
Kung Fu Do Fighting,GAME,4,271214,,10000000,Free,0,Teen,20210102
How well do you know me?,GAME,3.9,1290,6.4,100000,Free,0,Everyone,20210103
Dude Perfect 2,GAME,4.5,401648,70,10000000,Free,0,Everyone,20210104
Endless Ducker,GAME,4.5,8193,41,500000,Free,0,Everyone,20210105
that's lit,GAME,4.7,1115,39,100000,Free,0,Everyone,20210106
Dash Quest Heroes,GAME,4.3,8432,59,500000,Free,0,Everyone 10+,20210107
Jungle book-The Great Escape,GAME,3.9,2362,25,100000,Free,0,Everyone,20210108
Bunny Skater,GAME,4.2,139432,4.7,10000000,Free,0,Everyone,20210109
The Walking Zombie: Dead City,GAME,4.6,58575,96,1000000,Free,0,Teen,20210110
Dr. Parking 4,GAME,4.4,475369,13,50000000,Free,0,Everyone,20210111
Dr. Driving 2,GAME,4.6,358633,19,10000000,Free,0,Everyone,20210112
Dr. Parker : Parking Simulator,GAME,4.5,14253,81,1000000,Free,0,Everyone,20210113
Dr. Parker : Real car parking simulation,GAME,4.6,15829,95,1000000,Free,0,Everyone,20210114
Dr. Rocket,GAME,4,42182,3.4,1000000,Free,0,Everyone,20210115
Dr. Dominoes,GAME,4,2700,5.7,500000,Free,0,Everyone,20210116
Dr. Gomoku,GAME,3.9,85317,4.5,5000000,Free,0,Everyone,20210117
Dr. Chess,GAME,4.1,97209,6.7,1000000,Free,0,Everyone,20210118
Dr Dre - Beatmaker,GAME,4.3,146,6,10000,Free,0,Mature 17+,20210119
Dr. Splorchy Presents Space Heroes,GAME,4.6,18,31,100,Paid,4.99,Mature 17+,20210120
Dr Driving Racer,GAME,4.3,183,68,10000,Free,0,Everyone,20210121
Dr. Shogi,GAME,3.3,19291,5.1,1000000,Free,0,Everyone,20210122
DraStic DS Emulator,GAME,4.6,87766,12,1000000,Paid,4.99,Everyone,20210123
NDS Emulator - For Android 6,GAME,4.1,14002,19,1000000,Free,0,Everyone,20210124
Free DS Emulator,GAME,4.1,22896,19,1000000,Free,0,Everyone,20210125
nds4droid,GAME,3.4,107778,8.8,10000000,Free,0,Everyone,20210126
MegaNDS (NDS Emulator),GAME,3.4,2218,11,500000,Free,0,Everyone,20210127
EmuBox - Fast Retro Emulator,GAME,3.9,1576,43,50000,Free,0,Everyone,20210128
DS Tower Defence,GAME,3.2,768,1.4,100000,Free,0,Everyone,20210129
RetroArch,GAME,3.8,21423,84,1000000,Free,0,Everyone,20210130
Riptide GP: Renegade,GAME,4.7,4328,,100000,Paid,2.99,Everyone 10+,20210131
Wheelie Challenge,GAME,4.6,137338,51,5000000,Free,0,Everyone,20210201
Dirt Trackin Sprint Cars,GAME,3.8,499,47,10000,Paid,3.99,Everyone,20210202
Sword of Chaos - Lame du Chaos,GAME,4.5,23599,96,100000,Free,0,Teen,20210203
Hotel Insanity,GAME,4.2,3816,31,100000,Free,0,Teen,20210204
Retro City Rampage DX,GAME,4.7,416,16,10000,Paid,2.99,Teen,20210205
Santa's Monster Shootout DX,GAME,5,4,33,50,Paid,1.99,Teen,20210206
American Sniper City Fight Shooting Assassin,GAME,4.1,395,54,50000,Free,0,Teen,20210207
Street Skater 3D,GAME,3.6,120852,21,10000000,Free,0,Teen,20210208
Ludo Dz,GAME,4.5,17,28,500,Free,0,Everyone,20210209
Need for Speed‚Ñ¢ No Limits,GAME,4.4,3344300,22,50000000,Free,0,Everyone 10+,20210210
Lost Journey (Dreamsky),GAME,4.5,32344,29,1000000,Paid,0.99,Everyone,20210211
Peggle Blast,GAME,4.1,166251,19,5000000,Free,0,Everyone,20210212
Heroes of Dragon Age,GAME,4.2,70389,28,1000000,Free,0,Teen,20210213
SCRABBLE,GAME,3.9,172281,50,5000000,Free,0,Everyone,20210214
Asphalt Xtreme: Rally Racing,GAME,4.5,567984,39,10000000,Free,0,Everyone,20210215
League of Stickman 2018- Ninja Arena PVP(Dreamsky),GAME,4.4,32496,99,1000000,Paid,0.99,Teen,20210216
Modern Combat 5: eSports FPS,GAME,4.3,2903386,58,100000000,Free,0,Mature 17+,20210217
Mass Effect: Andromeda APEX HQ,GAME,3.4,4490,92,100000,Free,0,Everyone 10+,20210218
Mirror‚Äôs Edge‚Ñ¢ Companion,GAME,3.4,1995,43,100000,Free,0,Everyone,20210219
Stickman Legends: Shadow Wars,GAME,4.4,38419,100,1000000,Paid,0.99,Everyone 10+,20210220
Gear.Club - True Racing,GAME,4.4,140658,37,1000000,Free,0,Everyone,20210221
Mental Hospital:EB 2 Lite,GAME,4.1,5341,8.8,100000,Free,0,Teen,20210222
EC Mover,GAME,5,5,4.6,10,Free,0,Everyone,20210223
E.G. Chess Free,GAME,4,505,23,10000,Free,0,Everyone,20210224
E.G. Chess,GAME,4.3,56,23,1000,Paid,0.99,Everyone,20210225
L.A. Crime Stories 2 Mad City Crime,GAME,4.2,3946,42,100000,Free,0,Teen,20210226
LA Stories 4 New Order Sandbox 2018,GAME,4.2,17453,99,1000000,Free,0,Mature 17+,20210227
L.A. Crime Stories Mad City Crime,GAME,4,30008,99,1000000,Free,0,Mature 17+,20210228
Miraculous Ladybug & Cat Noir - The Official Game,GAME,4.5,185382,99,10000000,Free,0,Everyone,20210301
Betul Ke Bohong Eh?,GAME,4.2,601,6.4,100000,Free,0,Everyone,20210302
Eh Amego!,GAME,3.8,13388,7.1,500000,Free,0,Everyone,20210303
MazeMilitia Classic Multiplayer Shooting Game,GAME,4.4,1294,44,50000,Free,0,Mature 17+,20210304
ZOMBIE RIPPER,GAME,3.7,16073,94,500000,Free,0,Mature 17+,20210305
Horror Hospital,GAME,3.7,63986,26,1000000,Free,0,Teen,20210306
Mad Skills Motocross,GAME,4,32522,44,1000000,Free,0,Everyone,20210307
Pineapple Pen,GAME,4.3,157264,65,10000000,Free,0,Everyone,20210308
Guess The Emoji,GAME,4.5,76627,23,5000000,Free,0,Everyone,20210309
Camping RV Caravan Parking 3D,GAME,3.3,5290,48,500000,Free,0,Everyone,20210310
Grand Bat Superhero Flying Assault Rescue Mission,GAME,4.4,1094,37,500000,Free,0,Teen,20210311
Zombie Frontier,GAME,4.2,326689,20,10000000,Free,0,Teen,20210312
RUN JUMP RUN-fun games for free,GAME,4.4,661,42,100000,Free,0,Everyone,20210313
Tamago egg,GAME,3,49,7.1,5000,Free,0,Everyone,20210314
Let's Poke The Egg,GAME,3.4,9051,23,1000000,Free,0,Everyone,20210315
Survival: Prison Escape,GAME,4,127810,33,10000000,Free,0,Mature 17+,20210316
TAMAGO Monsters Returns,GAME,4.1,104583,37,1000000,Free,0,Everyone,20210317
Traffic Sniper Counter Attack,GAME,4.3,5339,38,1000000,Free,0,Teen,20210318
Rope Superhero Unlimited,GAME,4.4,6735,26,1000000,Free,0,Mature 17+,20210319
Extreme Super Car Driving 3D,GAME,3.9,23104,48,1000000,Free,0,Everyone,20210320
Fast Racing Car Simulator,GAME,3.8,8482,45,1000000,Free,0,Everyone,20210321
Beach Head Shooting Assault,GAME,3.8,555,44,100000,Free,0,Teen,20210322
Stickman Warriors Heroes 2,GAME,4.4,13714,41,1000000,Free,0,Everyone 10+,20210323
Dead Target Zombie Shooting US Sniper Killer Squad,GAME,4.3,240,65,50000,Free,0,Teen,20210324
Dubai Racing,GAME,4.2,16237,23,500000,Free,0,Everyone,20210325
WIZARD Card Game,GAME,4,48,4.1,1000,Paid,1.99,Everyone,20210326
Robot Fighting Games‚Ñ¢ - Real Boxing Champions 3D,GAME,4.4,30,47,5000,Free,0,Everyone,20210327
Ghost Hunting camera,GAME,3.5,3048,24,500000,Free,0,Teen,20210328
Santa Panda Bubble Christmas,GAME,4.1,101,31,10000,Free,0,Everyone,20210329
Racing Moto,GAME,4.3,697805,7.4,50000000,Free,0,Everyone,20210330
Train Racing Games 3D 2 Player,GAME,4.3,192374,56,10000000,Free,0,Everyone,20210331
Adivina el cantante de Trap y Reggaeton,GAME,4.5,1914,24,100000,Free,0,Everyone,20210401
Fernanfloo,GAME,4.8,526595,49,10000000,Free,0,Everyone 10+,20210402
The Game of Life,GAME,4.4,18652,63,100000,Paid,2.99,Everyone,20210403
Red Hands ‚Äì 2-Player Games,GAME,4.2,93608,,10000000,Free,0,Everyone,20210404
Get 'Em,GAME,4.1,7904,21,500000,Free,0,Everyone 10+,20210405
Live Hold‚Äôem Pro Poker - Free Casino Games,GAME,4.6,1123190,,10000000,Free,0,Teen,20210406
Beach Shoot Em Up: Head Hunter,GAME,4.4,1218,15,500000,Free,0,Everyone 10+,20210407
Stick 'Em Up 2 Starter Edition,GAME,3.8,2102,40,100000,Free,0,Everyone 10+,20210408
Shoot`Em Down: Shooting game,GAME,3.9,7972,88,500000,Free,0,Teen,20210409
Texas Hold‚Äôem Poker + | Social,GAME,3.5,4416,59,500000,Free,0,Teen,20210410
PlayTexas Hold'em Poker Free,GAME,3.8,3543,,1000000,Free,0,Teen,20210411
HAWK ‚Äì Force of an Arcade Shooter. Shoot 'em up,GAME,4.6,190274,46,5000000,Free,0,Everyone,20210412
Texas Hold'em Poker,GAME,3.6,12846,14,1000000,Free,0,Teen,20210413
Poker Equity Calculator Pro for No Limit Hold'em,GAME,4,21,14,5000,Paid,0.99,Everyone,20210414
Poker Live! 3D Texas Hold'em,GAME,4.3,6143,37,100000,Free,0,Teen,20210415
Fun Texas Hold'em Poker,GAME,4.5,32831,24,500000,Free,0,Teen,20210416
Dragonplay‚Ñ¢ Poker Texas Holdem,GAME,4.5,197979,,1000000,Free,0,Teen,20210417
Punch em,GAME,4.1,2208,4.4,500000,Free,0,Everyone,20210418
Zynga Poker ‚Äì Texas Holdem,GAME,4.4,1986068,52,50000000,Free,0,Teen,20210419
Boyaa Poker (En) ‚Äì Social Texas Hold‚Äôem,GAME,4.3,71468,51,1000000,Free,0,Teen,20210420
World Series of Poker ‚Äì WSOP Free Texas Holdem,GAME,4.5,910051,76,10000000,Free,0,Teen,20210421
Texas Holdem Poker Pro,GAME,4.5,114479,26,5000000,Free,0,Teen,20210422
Rage Fight of Streets - Beat Em Up Game,GAME,4.3,1489,67,100000,Free,0,Teen,20210423
HANGAME Casino - Baccarat & Texas Hold'em,GAME,4.1,8608,46,500000,Free,0,Teen,20210424
PokerStars Play: Free Texas Holdem Poker Game,GAME,4.6,14989,78,500000,Free,0,Teen,20210425
Texas Holdem Poker,GAME,4,127831,26,10000000,Free,0,Teen,20210426
Big Fish Casino ‚Äì Play Slots & Vegas Games,GAME,4.4,382100,,10000000,Free,0,Teen,20210427
TRANSFORMERS: Forged to Fight,GAME,4.6,291941,90,10000000,Free,0,Everyone 10+,20210428
Texas Holdem & Omaha Poker: Pokerist,GAME,4.3,187200,28,10000000,Free,0,Teen,20210429
Governor of Poker 2 - OFFLINE POKER GAME,GAME,4.3,246538,60,5000000,Free,0,Teen,20210430
Squadron - Bullet Hell Shooter,GAME,4.2,177542,40,10000000,Free,0,Everyone,20210501
Words With Friends ‚Äì Play Free,GAME,4.3,711719,,10000000,Free,0,Everyone,20210502
Classic Words Solo,GAME,4.4,135739,,5000000,Free,0,Everyone,20210503
Chess Free,GAME,4.5,1375988,15,50000000,Free,0,Everyone,20210504
Sports Car Driving Simulator 2018,GAME,4.3,2178,57,500000,Free,0,Everyone,20210505
The Great Wobo Escape Ep. 1,GAME,4.2,5449,20,500000,Free,0,Everyone 10+,20210506
The Visitor: Ep.2 - Sleepover Slaughter,GAME,4.3,5731,31,1000000,Free,0,Mature 17+,20210507
Superbrothers Sword & Sworcery,GAME,4.4,11023,16,100000,Paid,3.99,Teen,20210508
The Visitor: Ep.1 - Kitty Cat Carnage,GAME,4.4,3017,39,500000,Free,0,Mature 17+,20210509
Dr.Slender Ep 1 Guide (Eng),GAME,4,454,27,10000,Free,0,Teen,20210510
Decay: The Mare - Ep.1 (Trial),GAME,3.6,5291,7.2,100000,Free,0,Teen,20210511
EP Gem Hunter,GAME,4.6,79,31,1000,Free,0,Everyone 10+,20210512
Gate Of Death Ep: 1,GAME,4.4,7,34,100,Free,0,Everyone,20210513
Sonic 4‚Ñ¢ Episode I,GAME,3.7,8014,37,100000,Paid,2.99,Everyone,20210514
Oggy,GAME,4.5,49971,61,5000000,Free,0,Everyone,20210515
R-EU-READY,GAME,4.1,13,16,500,Free,0,Everyone,20210516
Speed Racing Ultimate 2,GAME,4.1,66894,,1000000,Free,0,Everyone 10+,20210517
I Know Stuff,GAME,4.2,214923,,5000000,Free,0,Everyone,20210518
Water Surfer Racing In Moto,GAME,4.3,2233,36,1000000,Free,0,Everyone,20210519
Rescue Robots Survival Games,GAME,4,27557,69,5000000,Free,0,Teen,20210520
Bike Race - Bike Blast Rush,GAME,4.4,83891,48,10000000,Free,0,Everyone,20210521
ETERNITY WARRIORS 2,GAME,4.6,568391,5.2,5000000,Free,0,Teen,20210522
An Elite Warrior Ex,GAME,4.7,15,93,100,Paid,0.99,Everyone,20210523
Snes9x EX+,GAME,4.4,70351,,5000000,Free,0,Everyone,20210524
Virtual Dice EX,GAME,4.3,40,3.6,5000,Free,0,Everyone,20210525
Eyes - The Scary Horror Game Adventure,GAME,4.4,499483,99,10000000,Free,0,Teen,20210526
Sudoku Master,GAME,4.4,58387,3.3,1000000,Free,0,Everyone,20210527
Jungle Monkey Run,GAME,4.4,54082,21,10000000,Free,0,Everyone,20210528
Ez Mirror Match,GAME,4.4,3344,36,500000,Free,0,Everyone,20210529
CNY Slots : Gong Xi Fa Cai ÂèëË¥¢Êú∫,GAME,3.6,33,71,5000,Free,0,Teen,20210530
Golden HoYeah Slots - Real Casino Slots,GAME,4.4,201537,68,5000000,Free,0,Teen,20210531
FaFaFa‚Ñ¢ Gold Casino: Free slot machines,GAME,4.3,11051,44,1000000,Free,0,Teen,20210601
Heart of Vegas‚Ñ¢ Slots ‚Äì Free Slot Casino Games,GAME,4.5,264282,48,10000000,Free,0,Teen,20210602
Galaxian(FC),GAME,4.5,2,7.8,100,Paid,1.99,Everyone,20210603
Garena Free Fire,GAME,4.5,5534114,53,100000000,Free,0,Teen,20210604
BROTHER IN WARS: GUNNER CITY WARLORDS,GAME,4.3,8649,39,1000000,Free,0,Teen,20210605
Angry Birds Space HD,GAME,4.5,43645,46,5000000,Free,0,Everyone,20210606
Police Car Driver,GAME,3.8,83671,30,10000000,Free,0,Everyone 10+,20210607
Modern Sniper Strike: Best Commando Action 2k18,GAME,4.1,164,17,10000,Free,0,Everyone,20210608
Moto Fighter 3D,GAME,3.9,85410,39,10000000,Free,0,Everyone 10+,20210609
BMX Boy,GAME,4.2,839206,12,50000000,Free,0,Everyone,20210610
Crazy Bike attack Racing New: motorcycle racing,GAME,4.2,20364,45,5000000,Free,0,Everyone,20210611
Fields of Battle,GAME,4.1,71476,50,1000000,Free,0,Everyone 10+,20210612
Family Guy The Quest for Stuff,GAME,4,995002,,10000000,Free,0,Mature 17+,20210613
Toy Attack,GAME,4.2,3878,69,500000,Free,0,Everyone,20210614
SnowMobile Parking Adventure,GAME,3.6,12257,49,1000000,Free,0,Everyone,20210615
Zombie Sniper 3D III,GAME,3.9,8122,23,500000,Free,0,Mature 17+,20210616
Shoot Hunter-Gun Killer,GAME,4.3,320334,27,50000000,Free,0,Teen,20210617
Fast Motorcycle Driver 2016,GAME,4.2,28151,49,1000000,Free,0,Everyone 10+,20210618
Forgotten Hill: Fall,GAME,4.4,1063,18,50000,Free,0,Teen,20210619
Forgotten Hill Mementoes,GAME,4.6,2027,56,100000,Free,0,Teen,20210620
Forgotten Hill: Surgery,GAME,4.5,2431,24,100000,Free,0,Teen,20210621
Forgotten Hill: Puppeteer,GAME,4.5,2917,22,100000,Free,0,Teen,20210622
"FJ Final Join , Circles Game",GAME,4.7,32,24,1000,Free,0,Teen,20210623
Offroad drive : 4x4 driving game,GAME,3.5,2071,36,100000,Free,0,Everyone,20210624
Rope Hero: Vice Town,GAME,4.4,452589,99,10000000,Free,0,Mature 17+,20210625
Drive 4x4 Luxury SUV Jeep,GAME,4.2,2183,46,500000,Free,0,Everyone,20210626
Motocross Mayhem,GAME,3.8,35171,45,1000000,Free,0,Everyone,20210627
Dino Defends king 3 ‚Äì Dinosaur T rex Hunter Games,GAME,3.6,182,41,50000,Free,0,Teen,20210628
Block Gun 3D: Haunted Hollow,GAME,3.8,16282,35,1000000,Free,0,Teen,20210629
Navy Gunner Shoot War 3D,GAME,4,103199,44,10000000,Free,0,Teen,20210630
Drift Legends,GAME,4.2,33788,27,1000000,Free,0,Everyone,20210701
Toy Truck Rally 3D,GAME,4,301895,25,50000000,Free,0,Everyone,20210702
PRO MX MOTOCROSS 2,GAME,3.8,25275,21,5000000,Free,0,Everyone,20210703
FRONTLINE COMMANDO,GAME,4.4,1351833,12,10000000,Free,0,Teen,20210704
Gun Builder ELITE,GAME,4.1,88941,34,1000000,Free,0,Teen,20210705
Magnum 3.0 Gun Custom SImulator,GAME,4.5,16815,59,1000000,Free,0,Teen,20210706
Solitaire+,GAME,4.6,11235,,100000,Paid,2.99,Everyone,20210707
Fruit Ninja Classic,GAME,4.3,85468,36,1000000,Paid,0.99,Everyone,20210708
Gun Club Armory,GAME,4.2,55014,28,1000000,Free,0,Teen,20210709
Armed Cam Gun Pack,GAME,4.2,1012,50,10000,Free,0,Teen,20210710
Mu.F.O.,GAME,5,2,16,1,Paid,0.99,Everyone,20210711
Fo Fo Fish,GAME,3.4,5,21,50,Free,0,Everyone,20210712
4x4 Jeep Racer,GAME,4.1,7279,54,1000000,Free,0,Everyone,20210713
Frontline Terrorist Battle Shoot: Free FPS Shooter,GAME,4.2,9183,49,1000000,Free,0,Mature 17+,20210714
Mad Dash Fo' Cash,GAME,5,14,16,100,Free,0,Everyone,20210715
Race Manager FP,GAME,3.8,196,11,5000,Free,0,Everyone,20210716
FP Runner,GAME,3.7,38,29,1000,Free,0,Everyone,20210717
Modern Counter Terrorist FPS Shoot,GAME,4,795,41,100000,Free,0,Teen,20210718
Monster Ride Pro,GAME,5,1,24,10,Free,0,Everyone,20210719
BEBONCOOL GAMEPAD V1.0,GAME,3.9,404,2.2,100000,Free,0,Everyone,20210720
Modern Strike Online,GAME,4.3,834117,44,10000000,Free,0,Teen,20210721
Trine 2: Complete Story,GAME,3.8,252,11,10000,Paid,16.99,Teen,20210722
Modern Counter Terror Attack ‚Äì Shooting Game,GAME,4.2,340,72,50000,Free,0,Mature 17+,20210723
Big Hunter,GAME,4.3,245455,84,10000000,Free,0,Everyone 10+,20210724
Modern Counter Global Strike 3D,GAME,4.1,297,48,50000,Free,0,Teen,20210725
Modern Counter Global Strike 3D V2,GAME,4,368,48,50000,Free,0,Everyone 10+,20210726
Winter Wonderland,GAME,4,1287,38,50000,Free,0,Everyone,20210727
Soccer Clubs Logo Quiz,GAME,4.2,21661,16,1000000,Free,0,Everyone,20210728
Sid Story,GAME,4.4,28510,78,500000,Free,0,Teen,20210729
Fatal Raid - No.1 Mobile FPS,GAME,4.3,56496,81,1000000,Free,0,Teen,20210730
Poker Pro.Fr,GAME,4.2,5442,17,100000,Free,0,Teen,20210731
